source,listing_url,agent_name,agency_name,phone,email,listing_title,property_type,location,search_query,google_rating
google_maps,https://bso.ae/?utm_source=Google-map&utm_content=Dubai-crystal,,"BSO - Real Estate Management LLC, Dubai, UAE",+971 4 279 9100,whiterabbit@follow.me,,agency,"Office 903 - Downtown, A4 - شارع المركز المالي - الخليج التجاري - دبي - United Arab Emirates",property management company Dubai,4.4
google_maps,https://www.guestready.com/property-management-dubai/?utm_source=google&utm_medium=organic&utm_campaign=gbp-listing-dubai,,GuestReady - Property Management Dubai,+971 4 571 1200,dubai@guestready.com,,agency,The Bayswater by Omniyat - Office 1206 - Marasi Dr - Business Bay - Dubai - United Arab Emirates,property management company Dubai,4.6
google_maps,https://www.suiteable.ae/,,Suiteable | Holiday Homes Property Management Company Dubai,+971 58 592 5820,hello@suiteable.ae,,agency,Al Ameri Tower - Office 205 - Al Thanyah First - Barsha Heights - Dubai - United Arab Emirates,property management company Dubai,4.6
google_maps,https://www.binayah.com/,,Binayah Properties LLC,+971 4 243 8479,info@binayah.com,,agency,Liberty Building - Mezzanine Floor - 749 Sheikh Zayed Rd - Al Qouz Ind.third - Al Quoz - Dubai - United Arab Emirates,property management company Dubai,4.4
google_maps,https://famproperties.com/,,fäm Properties,+971 4 369 1700,info@famproperties.com,,agency,"Business Bay Bay Square Al Asayel St Building 13 Floor # 3, Office 304 - Business Bay - Bay Square - Dubai - United Arab Emirates",property management company Dubai,4.9
google_maps,https://springfieldproperties.ae/,,Springfield Properties,+971 4 454 2588,,,agency,"Office 102, 103, 104, 105, 106, Building 02 - الخليج التجاري - Bay Square - دبي - United Arab Emirates",property management company Dubai,4.8
google_maps,https://www.bhomes.com/,,betterhomes - Dubai (Head Office),+971 600 522233,info@bhomes.com,,agency,42nd - الخليج التجاري - دبي - United Arab Emirates,property management company Dubai,4.3
google_maps,http://www.whiteandcogroup.com/,,White & Co Real Estate LLC,+971 4 876 2333,,,agency,CONTROL TOWER - 7th Floor - Al Hebiah First - Dubai Motor City - Dubai - United Arab Emirates,property management company Dubai,4.7
google_maps,https://ccasolutions.ae/,,CCA Property Management Solutions – Short-Term Rentals Dubai,+971 52 473 3331,flags@2x.png,,agency,"Iris Bay Tower, 716 - الخليج التجاري - دبي - United Arab Emirates",property management company Dubai,5
google_maps,https://www.mtrproperties.ae/,,MTR Properties LLC | Find Properties in Dubai,,contact@mtr.ae,,agency,"1404 office, Fifty One Tower - Marasi Dr - Business Bay - Dubai - United Arab Emirates",property management company Dubai,4.9
google_maps,https://www.harbordubai.com/,,Harbor Real Estate Broker LLC,+971 4 325 1616,info@harbordubai.com,,agency,18th Floor Office#1803 - City Tower - 2 Sheikh Zayed Rd - Trade Center First - Dubai - United Arab Emirates,property management company Dubai,4.7
google_maps,http://www.whitesand.ae/,,White Sand Real Estate Management LLC,+971 4 232 8210,,,agency,"Manama street Office No. 0355, First Floor Block C Souk Al-Warsan Dubai - ورسان الأولى - مدينة دبي العالمية - دبي - United Arab Emirates",property management company Dubai,3.6
google_maps,http://hausandhaus.com/?utm_source=gmb&utm_medium=organic&utm_campaign=haus-gmb,,haus & haus Group,+971 4 302 5800,,,agency,"Office 01, Building No 7, Gold & Diamond Park - Sheikh Zayed Rd - Al Qouz Ind.third - Al Quoz - Dubai - United Arab Emirates",property management company Dubai,4.8
google_maps,https://www.shosty.com/,,Shosty Short Term Rental,+971 52 657 9588,earnmore@shosty.com,,agency,Al Shafar Tower 1 - Unit 1103 - Al Thanyah First - Barsha Heights - Dubai - United Arab Emirates,property management company Dubai,4.8
google_maps,http://www.hamptons.ae/en/,,Hamptons International,+971 4 366 1662,enquiries@hamptons.ae,,agency,"First Floor, Building 3 Emaar Business Park - Sheikh Zayed Rd - Al Thanyah Third - Dubai - United Arab Emirates",property management company Dubai,4.6
google_maps,https://www.drivenproperties.com/,,Driven Properties LLC - HQ,+971 4 245 4800,,,agency,Emaar Square Building #3 - 1st Floor - Burj Khalifa - Downtown Dubai - Dubai - United Arab Emirates,property management company Dubai,4.5
google_maps,https://www.vonderdubai.com/,,"Vonder Dubai, Holiday Homes BNB Management",+971 50 722 3417,,,agency,city walk building 8 - الوصل - دبي - United Arab Emirates,property management company Dubai,4.7
google_maps,https://mypropertymanager.ae/,,My Property Manager,+971 50 477 3746,info@mypropertymanager.ae,,agency,14th floor 1406 - Clover Bay Tower - الخليج التجاري - دبي - United Arab Emirates,property management company Dubai,4
google_maps,https://www.sevencentury.com/,,Seven Century Real Estate Brokers L.L.C,+971 4 452 0077,,,agency,Almanara Tower - 1607 16th floor - Marasi Dr - Business Bay - Dubai - United Arab Emirates,property management company Dubai,4.2
google_maps,http://www.banke.ae/,,Banke International Properties - Dubai (Head Office),+971 800 22653,,,agency,Emarat Atrium Building - Sheikh Zayed Rd - Al Wasl - Dubai - United Arab Emirates,property management company Dubai,4.3
google_maps,https://www.thetreehousere.com/,,Tree House Real Estate Dubai,+971 4 554 8022,info@thetreehousere.com,,agency,"Silver tower ,office no.2608 - مراسي درايف - الخليج التجاري - دبي - United Arab Emirates",property management company Dubai,4.7
google_maps,https://www.daifyhomes.com/,,DAIFY Holiday Homes Short Term Rental Management,+971 58 588 2690,stay@daifyhomes.com,,agency,Sheikh Zayed Rd - Trade Center First - Dubai - United Arab Emirates,property management company Dubai,4.8
google_maps,https://www.nextlevelrealestate.ae/?utm_source=google&utm_medium=organic&utm_campaign=googlge_my_business,,Next Level Real Estate - Award Winning Real Estate Agency in Dubai,+971 4 454 2828,media@nextlevelrealestate.ae,,agency,1505 - Opal Tower - بوليفارد برج خليفة - الخليج التجاري - دبي - United Arab Emirates,property management company Dubai,4.5
google_maps,https://www.brdrealestate.com/,,BRD International Real Estate LLC (Luxury Dubai Homes),+971 50 534 2719,,,agency,A A Tower - 5704 - 57th Floor Sheikh Zayed Rd - Trade Center First - Dubai - United Arab Emirates,property management company Dubai,5
google_maps,http://www.yourkey.ae/,,Your Key Property Management - Dubai Branch,+971 50 669 2770,main@yourkey.ae,,agency,"floor 35, Al Saqr Business Tower - office#17 Sheikh Zayed Rd - Trade Center Second - DIFC - Dubai - United Arab Emirates",property management company Dubai,4.8
google_maps,https://sapphiresands.ae/,,Sapphire Sands - Real Estate Company in Dubai - Commercial Real Estate in Dubai - Property Developers in Dubai,+971 50 910 6015,,,agency,"5th Floor, Clover Bay Tower - Office 508 - Marasi Dr - Business Bay - Dubai - United Arab Emirates",property management company Dubai,5
google_maps,http://www.aspinip.com/,,Aspin International Properties L.L.C,+971 4 330 5570,,,agency,"Trade Center, Aspin Commercial Tower - 106 Sheikh Zayed Rd - Trade Center First - Dubai - United Arab Emirates",property management company Dubai,4.9
google_maps,https://www.propertyshoma.com/?utm_source=dubai&utm_medium=local&utm_campaign=localbusiness,,Propertyshoma Real Estate LLC,+971 50 955 2623,info@propertyshoma.com,,agency,"office 1609, The Prism Tower - Al Mustaqbal St - Business Bay - Dubai - United Arab Emirates",property management company Dubai,4.9
google_maps,http://rakbmcs.com/,,RAK Building Maintenance,+971 4 884 7015,,,agency,Dubai - Trade Center Second - Dubai - United Arab Emirates,property management company Dubai,4.3
google_maps,https://www.cushwake.ae/?utm_source=google&utm_medium=organic&utm_campaign=gmb_uberall_UAE002,,Cushman & Wakefield Core,+971 4 245 2100,info@cushwake.ae,,agency,"Emaar Sqaure - Ground Floor, Building 6 - برج خليفة - وسط مدينة دبي - دبي - United Arab Emirates",property management company Dubai,4
google_maps,https://arabzoneproperties.ae/,,Arabzone Properties,+971 4 252 2811,info@arabzoneproperties.ae,,agency,Sobha Ivory Tower II - Office No. 1002 - Al Asayel St - Business Bay - Dubai - United Arab Emirates,property management company Dubai,4.8
google_maps,https://expertproperties.com/,,Expert Properties,+971 4 495 0100,info@expertproperties.com,,agency,Grosvenor Tower - 9th Floor - Marasi Dr - Business Bay - Dubai - United Arab Emirates,property management company Dubai,4.5
google_maps,https://yourplace.ae/,,YP - Your Place Real Estate,+971 4 368 2168,info@yourplace.ae,,agency,Empire Heights Tower B - Office 06 - Level 10 - الخليج التجاري - دبي - United Arab Emirates,property management company Dubai,3.6
google_maps,https://www.11prop.com/,,"11Prop - Off-Plan Properties in Dubai, Apartments, Villas and Townhouses",+971 56 572 8049,info@11prop.com,,agency,20th Floor - Prime Tower - Burj Khalifa St - الخليج التجاري - دبي - United Arab Emirates,property management company Dubai,5
google_maps,https://qattali.com/,,Mohammad Qattali | Dubai Property Consultant | Investment Specialist - مشاور املاک دبی سيد محمد قتالى,+971 52 531 1111,maahla.safaeii@gmail.com,,agency,The Tower Plaza Hotel - Office 1903 Sheikh Zayed Rd - Trade Center First - Dubai - United Arab Emirates,property management company Dubai,5
google_maps,https://westminsterholidays.com/,,Westminster Holiday Homes Rental L.L.C.,+971 54 405 3335,inquiry@westminsterholidays.com,,agency,"Blue Bay Tower - Office 705, 706 - 707 7th floor - Business Bay - Dubai - United Arab Emirates",property management company Dubai,4.1
google_maps,https://nestwoodrealty.com/,,Nestwood Realty Real Estate LLC | Dubai,+971 4 334 4081,,,agency,Business bay Opal Tower #1803 - الخليج التجاري - دبي - United Arab Emirates,property management company Dubai,4.7
google_maps,https://magusproperties.ae/,,Magus Real Estate Brokers LLC,+971 4 303 9700,,,agency,Emaar Square - Downtown Office 6C - Standard Chartered Tower - برج خليفة - وسط مدينة دبي - دبي - United Arab Emirates,property management company Dubai,4.9
google_maps,https://www.edgerealty.ae/,,Edge Realty Real Estate,+971 4 388 1856,,,agency,Showroom#4 Aswar Building - Sheikh Zayed Rd - Al Wasl - Dubai - United Arab Emirates,property management company Dubai,4.3
google_maps,https://nsr.ae/,,N S R Real Estate,+971 4 368 0888,,,agency,"office 413, The Metropolis Tower - Marasi Dr - Business Bay - Dubai - United Arab Emirates",property management company Dubai,4.6
google_maps,https://iwaproperties.com/,,iWA Properties LLC,+971 4 272 7777,,,agency,Al Moosa Tower 2 - Sheikh Zayed Rd - Trade Center First - Dubai - United Arab Emirates,property management company Dubai,4.7
google_maps,https://www.colliers.com/,,Colliers - Rolex Tower,+971 800 36554377,,,agency,3rd Floor - Rolex Tower - Sheikh Zayed Rd - Trade Center Second - DIFC - Dubai - United Arab Emirates,property management company Dubai,2.7
google_maps,https://equitydxb.com/,,Equity DXB Real Estate,+971 4 553 5095,info@equitydxb.com,,agency,"Office 1902, Floor 19, Boulevard Plaza Tower 2 - برج خليفة - وسط مدينة دبي - دبي - United Arab Emirates",property management company Dubai,4.8
google_maps,https://www.vlakar.ae/,,VLAKAR Real Estate LLC,+971 4 444 9463,,,agency,Sheikh Mohammed bin Rashid Blvd - Burj Khalifa - Downtown Dubai - Dubai - United Arab Emirates,property management company Dubai,5
google_maps,http://keysplease.ae/,,Keys Please Holiday Homes Rental Dubai,+971 52 811 6111,info@keysplease.ae,,agency,Tamani Arts - 533 - شارع الأصايل - الخليج التجاري - دبي - United Arab Emirates,property management company Dubai,4.2
google_maps,http://www.shre.ae/,,"Stone House Real Estate, Dubai",+971 56 843 8666,info@shre.ae,,agency,"Tower, The Citadel - 1110 - Business Bay - Dubai - United Arab Emirates",property management company Dubai,4.2
google_maps,https://www.chariothomesdubai.com/,,Chariot Homes Real Estate Dubai,+971 4 552 7020,info@chariothomesdubai.com,,agency,2F-A-2 - Empire Heights Tower B - A - الخليج التجاري - دبي - United Arab Emirates,property management company Dubai,4.7
google_maps,http://www.loamrealestate.com/,,Loam Real Estate - Best Real Estate Agency in Dubai,+971 4 576 2722,info@loamrealestate.com,,agency,"88 Sheikh Zayed Rd -Trade center- Trade Centre 1 - Dubai Al Hawai Tower,First Floor - Metro Exit No:2 - Office No:105 - Financial Ctr St - Trade Center First - Dubai - United Arab Emirates",property management company Dubai,4.4
google_maps,https://azcorealestate.ae/,,Azco Real Estate Brokers LLC - Business Bay Branch,+971 58 648 4495,,,agency,25th floor - Business Bay Office# 2502 - الخليج التجاري - دبي - United Arab Emirates,property management company Dubai,4.4
google_maps,https://salimestate.com/,,"Salim Real Estate-Buy,Sell,Rent a Property Monthly in Dubai | Real Estate Companies in Dubai |Holiday Home Airbnb in Dubai",+971 58 145 2122,,,agency,Dubai - Al Wasl - Dubai - United Arab Emirates,property management company Dubai,4.7
google_maps,https://www.jll.com/en-ae/locations/dubai,,JLL Dubai Real Estate,+971 4 426 6999,james.allan@jll.com,,agency,"ICD Brookfield Place, Dubai International Financial Centre (DIFC Unit 1, Level 13 - زعبيل الثانية - DIFC - دبي - United Arab Emirates",property management company Dubai,4.2
google_maps,https://sevenluxuryrealestate.com/home-2/,,Seven Luxury Real Estate,+971 4 421 7770,info@sevenluxuryrealestate.com,,agency,Boulevard Plaza Tower 1 Office 2003 - برج خليفة - وسط مدينة دبي - دبي - United Arab Emirates,property management company Dubai,4.2
google_maps,http://www.impera.ae/,,Impera Properties,+971 55 230 2309,,,agency,Boulevard Plaza Tower 1 - Level 3 office 22 - Burj Khalifa - Downtown Dubai - Dubai - United Arab Emirates,property management company Dubai,5
google_maps,https://www.azgard.ae/,,Azgard Real Estate,+971 52 102 1257,,,agency,Aspin Commercial Tower - Sheikh Zayed Rd - Trade Center First - Dubai - United Arab Emirates,property management company Dubai,4.9
google_maps,https://www.colivinglegends.com/,,Co-Living Legends Dubai,+971 58 538 7737,hello@colivinglegends.com,,agency,Sheikh Zayed Rd - Trade Center Second - DIFC - Dubai - United Arab Emirates,property management company Dubai,4.7
google_maps,https://azcorealestate.ae/,,Azco Real Estate Brokers LLC - Dubai (Head Office),+971 4 558 7741,,,agency,Vision Tower - 22nd - Business Bay - Dubai - United Arab Emirates,property management company Dubai,3.9
google_maps,,,"SYMBOL Real Estate Agency Dubai | Investment, Sale, Rent | Агентство Недвижимости Дубай",+971 4 227 9681,,,agency,The Prism - 2009 - Business Bay - Dubai - United Arab Emirates,property management company Dubai,3.3
google_maps,https://dandbdubai.com/,,D&B Properties,+971 4 871 9200,inquiry@dandbdubai.com,,agency,13th floor - Blue Bay Tower - الخليج التجاري - دبي - United Arab Emirates,real estate letting agency Dubai,4.9
google_maps,https://www.arabianestates.ae/?utm_source=localmaps&utm_medium=google,,Arabian Estates - Real Estate Agency Dubai,+971 4 324 3137,,,agency,"Floor M, Golden Mile 2 - Office 21 - Palm Jumeirah - Dubai - United Arab Emirates",real estate letting agency Dubai,4.8
google_maps,https://www.elitepropertydxb.com/,,ELITE Property Brokerage,+971 4 770 1087,,,agency,Onyx Tower - 1 Sheikh Zayed Rd - Al Thanyah Third - Dubai - United Arab Emirates,real estate letting agency Dubai,4.9
google_maps,https://www.househuntersdubai.com/,,House Hunters Real Estate Brokers LLC,+971 4 452 2007,,,agency,F-01 Union Coop Mall Motor City Shk - شارع الشيخ محمد بن زايد - الحبيه الأولى - دبي موتور سيتي - دبي - United Arab Emirates,real estate letting agency Dubai,4.8
google_maps,https://www.dacha.ae/contact/real-estate-agents-in-dubai-marina/,,Dacha Real Estate,+971 4 423 2006,info@dacha.ae,,agency,"& 2404, Marina Plaza - Office 2101 - Marsa Dubai - Dubai Marina - Dubai - United Arab Emirates",real estate letting agency Dubai,4.8
google_maps,https://www.providentestate.com/,,Provident Real Estate,+971 4 323 3609,,,agency,Marina Plaza - 1802 Al Marsa St - Marsa Dubai - Dubai Marina - Dubai - United Arab Emirates,real estate letting agency Dubai,4.6
google_maps,https://www.aaronz.co/,,Aaronz & Co. Real Estate Services,+971 4 584 9243,info@aaronz.co,,agency,Marina Plaza - 3402 - The Palm Jumeirah - Dubai Marina - Dubai - United Arab Emirates,real estate letting agency Dubai,4.9
google_maps,http://www.stradauae.com/,,Strada Real Estate Brokerage,+971 4 547 6400,flags@2x.png,,agency,Park Heights Square 2 Dubai Hills Estate - Office 202 - Hadaeq Sheikh Mohammed Bin Rashid - Dubai - United Arab Emirates,real estate letting agency Dubai,4.7
google_maps,https://homes4life.ae/,,Homes 4 Life Real Estate - Town Square Dubai Office,+971 56 818 8620,,,agency,Dubai - Al Yalayis 2 - Dubai - United Arab Emirates,real estate letting agency Dubai,4.8
google_maps,https://uniqueproperties.ae/en/,,Unique Properties,+971 4 455 8888,info@uniqueproperties.ae,,agency,"Tower, The Bay Gate - 31st Floor - Business Bay - Dubai - United Arab Emirates",real estate letting agency Dubai,4.7
google_maps,https://www.exclusive-links.com/?utm_source=localmaps&utm_medium=gbp&utm_campaign=Dubai&utm_term=listing,,Exclusive Links Real Estate Brokers Dubai,+971 4 399 4937,property@exclusie-links.com,,agency,"Galadari Building, B17 - Office 202 - Me'aisem First - Dubai Production City - Dubai - United Arab Emirates",real estate letting agency Dubai,4.8
google_maps,https://www.lindas.ae/,,Linda's Real Estate,+971 800 546327,hello@lindas.ae,,agency,CONTROL TOWER - 33rd Floor - Al Hebiah First - Dubai Motor City - Dubai - United Arab Emirates,real estate letting agency Dubai,4.9
google_maps,https://alayanrealestate.ae/,,Al Ayan Real Estate Broker LLC,+971 55 303 0652,hello@nexteuv.com,,agency,S04 Building - Al Ayan Real Estate Broker - Shop 05 - ورسان الأولى - Spain Cluster - دبي - United Arab Emirates,real estate letting agency Dubai,4.8
google_maps,http://www.therealtordubai.com/,,TheRealtorDubai Real Estate Brokerage LLC,+971 55 195 2518,info@therealtordubai.com,,agency,Sheikh Zayed Road - Aspin Commercial Tower - 2nd floor - المركز التجاري الأولي - دبي - United Arab Emirates,real estate letting agency Dubai,5
google_maps,https://xsite.ae/,,XSITE REAL ESTATE BROKERS,+971 4 368 7000,,,agency,"B1204 & B202, Prime Business Centre - Al Barsha South Fourth - Jumeirah Village Circle - Dubai - United Arab Emirates",real estate letting agency Dubai,4.8
google_maps,https://www.espace.ae/,,Espace,+971 4 306 9999,,,agency,"Dubai Marina, Marina Plaza Office numbers 2702 & 2703 - Marsa Dubai - Dubai Marina - Dubai - United Arab Emirates",real estate letting agency Dubai,4.7
google_maps,https://impressiverealestate.net/,,Impressive Real Estate LLC,+971 50 746 5012,info@impressiverealestate.net,,agency,"Office # 963, The Burjuman Business Tower - المنخول - دبي - United Arab Emirates",real estate letting agency Dubai,4.9
google_maps,https://directproperties.ae/,,Direct Properties,+971 4 591 1822,info@directproperties.ae,,agency,"68FH+MF9 Noor Al Safa Building, City Tower - Shop 03 - Al Jadaf - Dubai - United Arab Emirates",real estate letting agency Dubai,4.9
google_maps,https://www.alhprops.com/,,ALH Properties,+971 4 570 1303,,,agency,"Marina Plaza, Office 3206 - مرسى دبي - دبي مارينا - دبي - United Arab Emirates",real estate letting agency Dubai,4.7
google_maps,https://luxfoliorealestate.ae/,,Luxfolio Real Estate,+971 4 335 6007,flags@2x.png,,agency,"G-024, Building 5 Gold & Diamond Park - القوز الصناعية الثالثة - القوز - دبي - United Arab Emirates",real estate letting agency Dubai,4.6
google_maps,http://jadeandco.com/,,Jade & Co Real Estate,+971 4 299 8866,,,agency,"Onyx Tower 1, Office 610 - الثنيه الثالثة - The Greens - دبي - United Arab Emirates",real estate letting agency Dubai,4.9
google_maps,,,K Estates Dubai,+971 4 529 9724,,,agency,"Dubai Hills, Park Heights Square 1 Office 402 - حدائق الشيخ محمد بن راشد - دبي - United Arab Emirates",real estate letting agency Dubai,4.9
google_maps,https://timehomesrealestate.com/,,Time Homes Real Estate,+971 56 448 4762,info@timehomesrealestate.com,,agency,"Office #517, 5th Floor - Al Attar Business Center - البرشاء الأولى - البرشاء - دبي - United Arab Emirates",real estate letting agency Dubai,4.7
google_maps,https://patriot.ae/,,Patriot Real Estate,+971 55 343 6763,info@patriot.ae,,agency,Office No. 1401 - Damac Executive Heights - Al Thanyah First - Barsha Heights - Dubai - United Arab Emirates,real estate letting agency Dubai,4.7
google_maps,http://www.kayeandco.ae/,,KAYE & CO REAL ESTATE L.L.C.,+971 4 583 0001,,,agency,Burlington Tower - 2410 - Business Bay - Dubai - United Arab Emirates,real estate letting agency Dubai,4.7
google_maps,https://www.homeland.ae/,,Homeland Realty Real Estate,+971 55 661 0000,info@homeland.ae,,agency,"Office 220 - Building, The Iridium - البرشاء الأولى - البرشاء - دبي - United Arab Emirates",real estate letting agency Dubai,4.9
google_maps,https://christiesrealestatedubai.com/,,Christie’s International Real Estate Dubai,+971 4 425 2780,info@christiesrealestatedubai.com,,agency,"P03 - Bay Square 2, Business Bay, Dubai - UAE - الخليج التجاري - Bay Square - دبي - United Arab Emirates",real estate letting agency Dubai,4.7
google_maps,http://www.districtuae.com/,,District Real Estate,+971 4 880 0373,,,agency,Prime Tower - 1512 - Business Bay - Dubai - United Arab Emirates,real estate letting agency Dubai,4.8
google_maps,https://www.luxliving.ae/,,Luxliving Real Estate L.L.C,+971 4 572 2929,neelam@luxliving.ae,,agency,201 Stadium Point - الحبيه الرابعة - مدينة دبي الرياضية - دبي - United Arab Emirates,real estate letting agency Dubai,4.8
google_maps,https://keltandcorealty.com/,,Kelt&co Realty - Real Estate Agency in Dubai,+971 52 692 1802,,,agency,TAMANI ARTS OFFICES - 17th Floor - Office No -1741 - شارع الأصايل - الخليج التجاري - دبي - United Arab Emirates,real estate letting agency Dubai,5
google_maps,http://alammanproperties.com/,,Al Amman Properties,+971 56 919 2376,,,agency,Shop 6 - Building S 04 - ورسان الأولى - Spain Cluster - دبي - United Arab Emirates,real estate letting agency Dubai,4.9
google_maps,https://ushre.com/,,Union Square House Real Estate,+971 4 458 9090,info@ushre.com,,agency,Office 202 - Building 6 - الخليج التجاري - Bay Square - دبي - United Arab Emirates,real estate letting agency Dubai,4.8
google_maps,https://excelproperties.ae/,,Excel Properties | Top Real Estate Broker in Dubai since 2001,+971 4 336 4447,,,agency,6 Sheikh Zayed Rd - Trade Center First - Dubai - United Arab Emirates,real estate letting agency Dubai,4.7
google_maps,https://hsproperty.ae/,,H&S Real Estate,+971 4 345 4888,info@hsproperty.ae,,agency,"Grey Square, Showroom 2, Umm Suqeim Road, Al Barsha 2 - البرشاء الثانية - البرشاء - دبي - United Arab Emirates",real estate letting agency Dubai,4.5
google_maps,http://www.almirath.ae/,,Al Mirath Real Estates,+971 4 546 9777,info@almirath.ae,,agency,"Unit 228, Matloob Building, B Block - شارع الشيخ زايد - الصفا 1 - الصفا - دبي - United Arab Emirates",real estate letting agency Dubai,4.7
google_maps,https://www.pedxb.com/,,Properties Exchange Real Estate,+971 4 330 3114,info@pedxb.com,,agency,"Office 1107, 1601, 1704 - Damac Executive Heights - الثنيه الأولى - Barsha Heights - دبي - United Arab Emirates",real estate letting agency Dubai,4.8
google_maps,http://www.rootsland.com/,,Roots Land Real Estate,+971 4 329 8333,inq@rootsland.com,,agency,"Office 815, Blue Bay Tower - Marasi Dr - Business Bay - Dubai - United Arab Emirates",real estate letting agency Dubai,4.7
google_maps,https://pinhomes.ae/,,Pin Homes Real Estate LLC,+971 58 529 3432,admin@pinhomes.ae,,agency,Al Ameri Tower - Office Number 2208 - Al Thanyah First - Barsha Heights - Dubai - United Arab Emirates,real estate letting agency Dubai,4.9
google_maps,https://www.emireumproperties.com/en,,Emireum Properties | Real estate agency in dubai,+971 4 410 7429,info@emireumproperties.com,,agency,"Suite A406 - Burj Khalifa District, The Opus By Omniyat - الخليج التجاري - دبي - United Arab Emirates",real estate letting agency Dubai,4.8
google_maps,https://engelvoelkers.com/ae/en,,Engel & Völkers Dubai,+971 4 499 0505,contact@engelvoelkers.com,,agency,"Engel & Völkers Building, Al Khail Plaza - 7th Floor - Al Barsha South Fifth - Jumeirah Village Triangle - Dubai - United Arab Emirates",real estate letting agency Dubai,5
google_maps,https://www.realchoicedubai.com/,,Real Choice Real Estate Brokers LLC,+971 4 358 8070,,,agency,API World Tower - Office number 401 - Sheikh Zayed Rd - Trade Center First - Dubai - United Arab Emirates,real estate letting agency Dubai,4.7
google_maps,https://themegahub.in/,,Smart Folks Real Estate Brokers,+971 55 282 8039,,,agency,"Bur Dubai 18 years real estate experience Victor - Burjuman center, The Business centre - الحمرية - دبي - United Arab Emirates",real estate letting agency Dubai,4.8
google_maps,https://www.huaxia.ae/?utm_source=local_maps&utm_medium=gbp&utm_campaign=googlemaps,,HUAXIA REAL ESTATE BROKERS - DUBAI | 迪拜华夏地产,+971 4 589 7440,info@huaxia.ae,,agency,Park Heights Square 2 Dubai Hills Estate - Office 504 - Hadaeq Sheikh Mohammed Bin Rashid - Dubai - United Arab Emirates,real estate letting agency Dubai,4.5
google_maps,https://nexusproperties.ae/,,Nexus Properties,+971 4 569 3670,sarra@nexusproperties.ae,,agency,"Dubai Hills Estate, Park Heights Square 2 - Suite 404, 4th Floor - Hadaeq Sheikh Mohammed Bin Rashid - Dubai - United Arab Emirates",real estate letting agency Dubai,4.9
google_maps,https://axisrealestate.ae/,,Axis Real Estate Brokerage Dubai,+971 52 875 9269,info@axisrealestate.com,,agency,"RAG Biz HQ, Addiyar Building - Office 15 - Sheikh Zayed Rd - Al Wasl - Dubai - United Arab Emirates",real estate letting agency Dubai,4.9
google_maps,http://www.99realestate.ae/,,99 Real Estate Brokers LLC,+971 800 289,info@99realestate.ae,,agency,Shop # 5 - Marina View Tower - مرسى دبي - دبي مارينا - دبي - United Arab Emirates,real estate letting agency Dubai,4.9
google_maps,http://www.wiki-homes.com/,,Wikihomes Real Estate Brokers LLC,+971 4 512 5713,management@wiki-homes.com,,agency,"Business Bay, Al A'amal St Iris Bay Tower, 7th Floor, 701 - الخليج التجاري - دبي - United Arab Emirates",real estate letting agency Dubai,4.8
google_maps,http://www.rhdubai.ae/,,Raine & Horne Dubai,+971 4 366 3200,,,agency,Anantara Downtown Business Tower - 1904 - Marasi Dr - Business Bay - Dubai - United Arab Emirates,real estate letting agency Dubai,4.6
google_maps,https://www.artharealty.com/,,Artha Realty LLC,+971 800 27842,,,agency,"Oasis Center Office #75, Level 3 - القوز الأولى - القوز - دبي - United Arab Emirates",real estate letting agency Dubai,4.8
google_maps,https://www.pkholidays.ae/,,PK Holiday Homes | Short term rentals Dubai,+971 4 454 1140,info@pkproperties.ae,,agency,Office 304 - الثنيه الأولى - Barsha Heights - دبي - United Arab Emirates,residential property rental agency Dubai,4.8
google_maps,https://primestay.ae/,,Prime Stay Vacation Homes,+971 58 547 7463,info@primestay.ae,,agency,Concord Tower - مدينة الإعلام - Dubai Media City - Dubai - United Arab Emirates,residential property rental agency Dubai,4.6
google_maps,https://superhost.ae/,,SUPERHOST VACATION HOMES RENTAL,+971 58 539 7866,contact@superhost.ae,,agency,The Exchange Tower - Office : 2006 - 11 20th Floor - Business Bay - Dubai - United Arab Emirates,residential property rental agency Dubai,4.9
google_maps,https://homevy.com/,,LUXURY HOMEVY VACATION HOMES RENTAL L.L.C,+971 50 146 1100,chat@homevy.com,,agency,I Rise Tower - 22C - 03 Hessa St - Al Thanyah First - Barsha Heights - Dubai - United Arab Emirates,residential property rental agency Dubai,4.9
google_maps,https://www.famliving.com/,,fäm Living,+971 800 326600,,,agency,"Building 10, Suite 304 - Business Bay - Bay Square - Dubai - United Arab Emirates",residential property rental agency Dubai,4.7
google_maps,http://www.enlightenproperties.ae/,,ENLIGHTEN PROPERTIES,+971 52 416 7272,info@enlightenproperties.ae,,agency,"Office B903,Tower B, Jumeirah Village Circle - Prime Business Centre - البرشاء جنوب الرابعة - قرية جميرا الدائرية - دبي - United Arab Emirates",residential property rental agency Dubai,4.8
google_maps,http://www.propertyhome.ae/,,Property Home Real Estate L.L.C.,+971 4 333 0799,,,agency,"302, Aswar Building - شارع الشيخ زايد - الوصل - دبي - United Arab Emirates",residential property rental agency Dubai,5
google_maps,https://trps.com/,,TRPS Vacation Homes Rental Co. LLC,+971 52 253 4452,,,agency,ParkLane Tower - Business Bay - Dubai - United Arab Emirates,residential property rental agency Dubai,5
google_maps,,,Arabian Home - Short Term Rentals,+971 58 557 6639,,,agency,"Office 2001, The Bay Gate - Business Bay - Dubai - United Arab Emirates",residential property rental agency Dubai,4.9
google_maps,http://www.daytonaproperties.ae/,,Daytona Properties,+971 4 396 7474,info@daytonaproperties.ae,,agency,Al Reemas Building - M10-M11 - Sheikh Zayed Rd - Al Qouz First - Al Quoz - Dubai - United Arab Emirates,residential property rental agency Dubai,4.5
google_maps,http://dreamproperties.ae/,,Dream Properties,+971 58 507 9800,info@drm.ae,,agency,"Dream Properties, Damac Executive Heights - Jebel Ali Race Course Rd - Al Thanyah First - Barsha Heights - Dubai - United Arab Emirates",residential property rental agency Dubai,4.9
google_maps,http://www.outlookproperties.ae/,,Outlook Properties,+971 4 395 8787,,,agency,"Deyaar Building, Unit 203 - البرشاء الأولى - البرشاء - دبي - United Arab Emirates",residential property rental agency Dubai,4.6
google_maps,https://www.theproperty.ae/,,The Property,+971 4 345 1996,hello@theproperty.ae,,agency,"The Onyx Tower 1, Office 703 - الثنيه الثالثة - The Greens - دبي - United Arab Emirates",residential property rental agency Dubai,4.9
google_maps,http://www.7ei8ht6properties.com/,,7EI8HT6 PROPERTIES LLC,+971 4 443 9780,info@7ei8ht6properties.com,,agency,Amaya Plaza - Office 14 - Nadd Al Hamar - Dubai - United Arab Emirates,residential property rental agency Dubai,4.6
google_maps,https://homekeys.ae/,,Home Keys Real Estate | Best Property Agents in Dubai | Leasing & Buying Specialists | Commercial and Residential Experts,+971 52 111 0944,abdussamad@homekeys.ae,,agency,Amiralty tower - Office #: 409 - Al Thanyah First - Barsha Heights - Dubai - United Arab Emirates,residential property rental agency Dubai,4.7
google_maps,https://hh.allsoppandallsopp.com/,,Allsopp & Allsopp Holiday Homes,+971 4 429 4444,,,agency,"30th & 36th Floor, CONTROL TOWER - 24th - Al Hebiah First - Dubai Motor City - Dubai - United Arab Emirates",residential property rental agency Dubai,4.5
google_maps,https://www.teslaproperties.ae/,,Tesla Properties - Real Estate Company in Dubai,+971 4 585 3725,info@teslaproperties.ae,,agency,21E 01 - I Rise Tower - 02 شارع حصة - الثنيه الأولى - Barsha Heights - دبي - United Arab Emirates,residential property rental agency Dubai,4.7
google_maps,https://uniquezone.realestate/,,Unique Zone Real Estate - Property for Rent and Sale in Dubai,+971 55 269 7381,,,agency,"Al Bedaia Building, Bedaia Building - OFFICE 203 - Al Barsha First - Al Barsha - Dubai - United Arab Emirates",residential property rental agency Dubai,4.6
google_maps,https://durranihomes.com/,,Durrani Homes - Luxury Vacation Home Rental,+971 58 108 2601,reservation@durranihomes.com,,agency,"Corporate Office - Not accomodation, The Regal Tower - 1905 - Business Bay - Dubai - United Arab Emirates",residential property rental agency Dubai,4.7
google_maps,http://koredubai.com/,,Kore Real Estate,+971 4 585 2863,flags@2x.png,,agency,25HJ+4C6 Dania 2 - Midtown - S-07 - Me'aisem First - Dubai Production City - Dubai - United Arab Emirates,residential property rental agency Dubai,5
google_maps,http://www.vpd.ae/,,Vierra Property Broker - Property Management & Supervision Company,+971 800 876,flags@2x.webp,,agency,"Office 714, Le Solarium - ند حصه - واحة دبي للسيليكون - دبي - United Arab Emirates",residential property rental agency Dubai,4.7
google_maps,http://www.algebra-property.com/,,Algebra Real Estate Broker LLC,+971 4 425 0019,info@algebra-property.com,,agency,"Marina Heights Tower, Office 102 - مرسى دبي - دبي مارينا - دبي - United Arab Emirates",property leasing company Dubai Marina,4.9
google_maps,,,betterhomes - Marina Office,+971 4 428 1398,,,agency,Marina Plaza - Office 1901 - Marsa Dubai - Dubai Marina - Dubai - United Arab Emirates,property leasing company Dubai Marina,4.6
google_maps,https://www.powerhousedxb.ae/,,Powerhouse,+971 4 408 7000,,,agency,Marina Plaza - Unit #2405 - 24th Floor - Marsa Dubai - Dubai Marina - Dubai - United Arab Emirates,property leasing company Dubai Marina,4.5
google_maps,http://www.abodeproperty.ae/,,Abode Property,+971 4 881 2777,,,agency,Al Emreef St - Marsa Dubai - Dubai Marina - Dubai - United Arab Emirates,property leasing company Dubai Marina,4.6
google_maps,https://www.keyviewdubai.com/,,Key View,+971 52 158 6263,,,agency,"Office 404, Arenco Building 3 - الصفوح - مدينة دبي للإنترنت - دبي - United Arab Emirates",property leasing company Dubai Marina,4.5
google_maps,http://www.livbnb.com/,,Livbnb | Vacation Rentals,+971 4 835 7309,hello@livbnb.com,,agency,Marina Plaza - 2006 - Marsa Dubai - Dubai Marina - Dubai - United Arab Emirates,property leasing company Dubai Marina,4.5
google_maps,https://www.tanamiproperties.com/,,Tanami Properties,+971 4 248 3400,info@tanamiproperties.ae,,agency,Marina Plaza - 3405 Al Marsa St - Marsa Dubai - Dubai Marina - Dubai - United Arab Emirates,property leasing company Dubai Marina,4.4
google_maps,http://atomic.ae/,,Alexander Kaminsky Real Estate,+971 55 662 1503,alinawaz29@gmail.com,,agency,Dubai Marina Mall - Al Marsa St - Marsa Dubai - Dubai Marina - Dubai - United Arab Emirates,property leasing company Dubai Marina,5
google_maps,https://dreamhomerealestatebroker.co/,,Dream Home Real Estate Broker LLC,+971 4 585 8723,hello@favethemes.com,,agency,"S 6,Basement 2,Marina Wharf 1 - مرسى دبي - دبي مارينا - دبي - United Arab Emirates",property leasing company Dubai Marina,4.8
google_maps,http://www.chestertonsmena.com/,,Chestertons MENA,+971 4 381 0200,,,agency,Marina Plaza - Office 1305 - 74 Al Marsa St - Marsa Dubai - Dubai Marina - Dubai - United Arab Emirates,property leasing company Dubai Marina,4.7
google_maps,https://www.indusre.com/,,Indus Real Estate LLC (DMCC Branch),+971 4 241 2888,info@indusre.ae,,agency,"Almas Tower - Office 4H, 4th Floor - الثنيه الخامسة - أبراج بحيرات الجميرا - دبي - United Arab Emirates",property leasing company Dubai Marina,4.5
google_maps,https://www.mds-fund.com/global,,MDS GROUP 【法人設立・会計税務はMDSドバイ】,+971 4 398 9055,help@mds-fund.com,,agency,Marina Plaza - Office no 1406 Floor - 14 Al Marsa St - Marsa Dubai - Dubai Marina - Dubai - United Arab Emirates,property leasing company Dubai Marina,4.9
google_maps,https://alba.homes/,,Alba Homes - Real Estate Agency Dubai,+971 58 810 7254,,,agency,Al Fattan Business Hub - 2nd Floor - Marsa Dubai - Dubai Marina - Dubai - United Arab Emirates,property leasing company Dubai Marina,4.5
google_maps,https://estate.twocontinents.com/,,Two Continents Real Estate,+971 54 725 3880,,,agency,"Ground Floor, The Marina Torch - Marsa Dubai - Dubai Marina - Dubai - United Arab Emirates",property leasing company Dubai Marina,5
google_maps,http://golshani.de/,,La Buena Vida Holiday Homes,+971 50 768 2022,la.buena.vida.holiday.homes@gmail.com,,agency,Al Sayora St - Marsa Dubai - Jumeirah Beach Residence - Dubai - United Arab Emirates,property leasing company Dubai Marina,4.8
google_maps,http://www.coldwellbanker.ae/,,Coldwell Banker UAE,+971 4 422 0747,info@coldwellbanker.ae,,agency,Building 2 – G4 - Marina Diamond 5 - Marsa Dubai - Dubai Marina - Dubai - United Arab Emirates,property leasing company Dubai Marina,4.4
google_maps,https://richmondproperties.ae/,,Richmond Properties,+971 800 7722,info@richmondproperties.ae,,agency,"34HP+MRC Al Fattan Business Hub, 1 - Office 604 & 602 - Marsa Dubai - Jumeirah Beach Residence - Dubai - United Arab Emirates",property leasing company Dubai Marina,5
google_maps,https://www.obg.ae/?utm_source=googlelocalmaps&utm_medium=gbp,,OBG Real Estate Broker in Dubai,+971 4 582 5999,info@obg.ae,,agency,"16th Floor, Al Habtoor Business Tower - مرسى دبي - دبي مارينا - دبي - United Arab Emirates",property leasing company Dubai Marina,4.1
google_maps,http://www.edwardsandtowers.com/,,Edwards and Towers - Head Office,+971 4 399 5787,info@edwardsandtowers.com,,agency,Marina Plaza - 1903 - Marsa Dubai - Dubai Marina - Dubai - United Arab Emirates,property leasing company Dubai Marina,4.2
google_maps,https://theluxuryrealestate.ae/,,The Luxury Real Estate (JBR Branch),+971 4 329 9100,info@theluxuryrealestate.ae,,agency,"G-03 Al Fattan Marine Towers, JBR Walk - مرسى دبي - دبي مارينا - دبي - United Arab Emirates",property leasing company Dubai Marina,3.9
google_maps,https://aurantius.ae/,,Aurantius Real Estate,+971 4 392 9715,,,agency,34HP+MRC - Al Fattan Business Hub - 601 - مرسى دبي - مساكن شاطئ جميرا - دبي - United Arab Emirates,property leasing company Dubai Marina,4.5
google_maps,https://alitaroyal.com/,,ALITA ROYAL,+971 50 111 0099,info@alitaroyal.com,,agency,Al Habtoor Business Tower - 1401 - Marsa Dubai - Dubai Marina - Dubai - United Arab Emirates,property leasing company Dubai Marina,4.9
google_maps,https://www.propertyfinder.ae/,,Property Finder,+971 4 556 0300,,,agency,"Shatha Tower, 1505 - الصفوح - Dubai Media City - دبي - United Arab Emirates",property leasing company Dubai Marina,2.5
google_maps,http://www.castlesplaza.com/,,Castles Plaza Real Estate,+971 4 430 8902,,,agency,Marina Plaza - 2505 - Marsa Dubai - Dubai Marina - Dubai - United Arab Emirates,property leasing company Dubai Marina,4.1
google_maps,,,Dubai Properties for sale,+971 52 396 5332,,,agency,Marsa Dubai - Dubai Marina - Dubai - United Arab Emirates,property leasing company Dubai Marina,2.5
google_maps,https://cavendishmaxwell.com/,,Cavendish Maxwell,+971 4 453 9525,,,agency,"Office 2204, Marina Plaza - Al Marsa St - Marsa Dubai - Dubai Marina - Dubai - United Arab Emirates",property leasing company Dubai Marina,4.8
google_maps,https://www.morgansrealty.com/,,Morgan's International Realty,+971 4 241 8886,info@morgansrealty.com,,agency,2407 / 2408 / 2409 - برج كونكورد - الصفوح - Dubai Media City - دبي - United Arab Emirates,property leasing company Dubai Marina,4.6
google_maps,https://officesquare.com/,,Office Square Dubai Marina - Al Fattan Business Hub,+971 52 305 6761,sales@officesquare.com,,agency,"Al Fattan Business Hub - Level 9, Level 10 - Marsa Dubai - Dubai Marina - Dubai - United Arab Emirates",property leasing company Dubai Marina,5
google_maps,,,"Ain View Studio (Holiday Rental), JBR, Dubai",+971 58 573 8339,,,agency,Rimal 3 - Marsa Dubai - Jumeirah Beach Residence - Dubai - United Arab Emirates,property leasing company Dubai Marina,4.8
google_maps,https://www.365luxuryhomes.com/,,365 Luxury Homes,+971 52 566 5365,,,agency,Marsa Dubai - Bluewaters Island - Dubai - United Arab Emirates,property leasing company Dubai Marina,4.8
google_maps,https://almashreqproperties.com/,,Al Mashreq Properties,+971 58 519 8006,,,agency,Sadaf 2 Plaza level Shop P30 - مرسى دبي - مساكن شاطئ جميرا - دبي - United Arab Emirates,property leasing company Dubai Marina,3.7
google_maps,http://livelarge.ae/,,LIVE LARGE,+971 4 439 6393,info@livelarge.ae,,agency,Media One Hotel - 38th Floor - Al Sufouh - Dubai Media City - Dubai - United Arab Emirates,property leasing company Dubai Marina,4.6
google_maps,https://www.myoffice.ae/,,myOffice - Dubai Marina Plaza,+971 4 424 5000,,,agency,"Al Marsa Street Marina Plaza,Level 27–29 & 32 - Marina Plaza - مرسى دبي - دبي مارينا - دبي - United Arab Emirates",property leasing company Dubai Marina,4.9
google_maps,https://www.oneluxstay.com/,,One Lux Stay Dubai Sparkle Tower,+971 52 725 8658,reservations@oneluxstay.com,,agency,Sparkle Tower - Marsa Dubai - Jumeirah Beach Residence - Dubai - United Arab Emirates,property leasing company Dubai Marina,4.9
google_maps,http://www.royalhome.ae/,,Royal Home Real Estate,+971 4 399 0990,,,agency,Al Fattan Marine Towers II - 1st Floor - Office No. 08 Al Mamsha St - Marsa Dubai - Dubai Marina - Dubai - United Arab Emirates,property leasing company Dubai Marina,3.9
google_maps,http://www.alhabtoorrealestate.com/properties/al-habtoor-business-tower,,Al Habtoor Business Tower,+971 4 584 1087,customercare@alhabtoorrealestate.com,,agency,King Salman Bin Abdulaziz Al Saud St - Marsa Dubai - Dubai Marina - Dubai - United Arab Emirates,property leasing company Dubai Marina,4.4
google_maps,http://www.imexre.com/,,IMEX Real Estate,+971 4 395 1911,property@imexre.com,,agency,"Office 2502, 25st floor, Marina Plaza Tower,74, Al Marsa Street - Dubai Marina - Marsa Dubai - Dubai Marina - Dubai - United Arab Emirates",property leasing company Dubai Marina,4.2
google_maps,https://mbc-realestate.com/,,MBC Real Estate LLC,+971 4 577 0503,info@mbc-realestate.com,,agency,Indigo Tower - Office 707 - Cluster D - Al Thanyah Fifth - Jumeirah Lakes Towers - Dubai - United Arab Emirates,property leasing company Dubai Marina,4.4
google_maps,https://www.thingas.pro/,,Rent marina dubai,+971 56 664 4663,info@thingas.pro,,agency,Sheikh Zayed Rd - Marsa Dubai - Dubai - United Arab Emirates,property leasing company Dubai Marina,
google_maps,http://uaesmartvacation.com/,,Smart hands vacation homes,+971 50 289 0711,,,agency,Princess Tower - Marsa Dubai - Dubai Marina - Dubai - United Arab Emirates,property leasing company Dubai Marina,5
google_maps,http://www.oneperfectstay.com/,,One Perfect Stay | Holiday Homes Dubai,+971 54 303 6877,homes@oneperfectstay.com,,agency,"Marina Dubai 3202 - Marina, Marina Plaza - مرسى دبي - دبي مارينا - دبي - United Arab Emirates",property leasing company Dubai Marina,4
google_maps,http://www.rarehomes.com/,,Rare Homes LLC,+971 4 394 3611,hello@email.com,,agency,"611, The Onyx Tower, Tower 2 - الثنيه الثالثة - The Greens - دبي - United Arab Emirates",property leasing company Dubai Marina,4.3
google_maps,https://www.innovateliving.ae/,,Innovate Living Real Estate Developers Dubai,+971 4 421 6770,,,agency,"Al Felea Street, Dubai Marina Office 1901, Al Habtoor Business Tower - مرسى دبي - دبي مارينا - دبي - United Arab Emirates",property leasing company Dubai Marina,4.8
google_maps,https://milliondollar.ae/,,Million Dollar Property,+971 58 595 9277,,,agency,Marina Plaza - Marsa Dubai - Dubai Marina - Dubai - United Arab Emirates,property leasing company Dubai Marina,5
google_maps,https://thenetwork.ae/,,The Network,+971 58 682 6383,,,agency,Al Marsad St - Al Sufouh - Dubai Media City - Dubai - United Arab Emirates,property leasing company Dubai Marina,4.8
google_maps,,,Brostrom Properties,+971 58 514 0074,,,agency,8 Boulevard Walk Tower - Burj Khalifa - Downtown Dubai - Dubai - United Arab Emirates,property leasing company Downtown Dubai,5
google_maps,https://instaproperties.ae/,,Insta Properties,+971 4 580 3444,admin@instaproperties.ae,,agency,"#201, 2nd Floor - Fifty One Tower - الخليج التجاري - دبي - United Arab Emirates",property leasing company Downtown Dubai,4.7
google_maps,https://leadingproperties.ae/,,Leading Properties,+971 4 244 5777,info@leadingproperties.ae,,agency,The Binary by OMNIYAT - 712 7th Floor - Business Bay - Dubai - United Arab Emirates,property leasing company Downtown Dubai,4.4
google_maps,https://mjb.ae/,,MJB PROPERTIES,+971 4 559 4888,,,agency,"5th Floor, Building 10, Bay Square, Business Bay Dubai, UAE - الخليج التجاري - Bay Square - دبي - United Arab Emirates",property leasing company Downtown Dubai,4.3
google_maps,https://www.fidudubai.com/,,FIDU Properties,+971 800 299,info@fiduproperties.com,,agency,"4th Floor , Office 404 - برج خليفة - وسط مدينة دبي - دبي - United Arab Emirates",property leasing company Downtown Dubai,4.5
google_maps,http://www.dmaxx.ae/,,DMAXX Properties L.L.C,+971 4 582 0582,info@dmaxx.ae,,agency,Burj Gate Burj - Suite 304 48 - Khalifa District - Dubai - United Arab Emirates,property leasing company Downtown Dubai,4
google_maps,https://metropolitan.realestate/?utm_source=gmb&utm_medium=organic&utm_content=listing&utm_campaign=mpp,,Metropolitan Premium Properties,+971 58 648 8888,,,agency,"Office 1913, Al Manara Tower - Business Bay - Dubai - United Arab Emirates",property leasing company Downtown Dubai,4.7
google_maps,https://ocley.com/,,Ocley Group,+971 4 585 6011,info@ocleygroup.com,,agency,"Westburry Office Tower, Office 1509 - الخليج التجاري - دبي - United Arab Emirates",property leasing company Downtown Dubai,5
google_maps,https://fandcproperties.ae/,,F&C Properties,+971 4 284 6515,customer-support@fcproperties.ae,,agency,57PJ+GH6 Building 13 - Marasi Dr - Business Bay - Bay Square - Dubai - United Arab Emirates,property leasing company Downtown Dubai,4.6
google_maps,http://www.dnlproperties.com/,,DNL Properties - Sales Boutique,+971 4 583 3365,manish@dnl.ae,,agency,Retail G07 - Building 8 - الخليج التجاري - Bay Square - دبي - United Arab Emirates,property leasing company Downtown Dubai,4.9
google_maps,https://luxurypropertieshub.com/,,Luxury Properties Hub,+971 4 327 0701,info@luxurypropertieshub.com,,agency,Opal Tower - Office 404 - 405 Marasi Dr - Business Bay - Dubai - United Arab Emirates,property leasing company Downtown Dubai,5
google_maps,https://elanrealestate.ae/,,Elan Real Estate,+971 52 510 1064,,,agency,Westburry Office Tower - 806 Marasi Dr - Business Bay - Dubai - United Arab Emirates,property leasing company Downtown Dubai,4.9
google_maps,http://www.lonewolfdubai.com/,,"Lone Wolf Real Estate, Dubai, U.A.E.",+971 4 394 4534,,,agency,"Opal tower, office#104-047 - POX BOX 452710 - الخليج التجاري - دبي - United Arab Emirates",property leasing company Downtown Dubai,4.9
google_maps,https://www.ivyproperties.ae/,,IVY Properties LLC,+971 56 541 0444,info@ivyproperties.ae,,agency,"Conrad Business Tower, Floor 19, Office S9 - المركز التجاري الأولي - دبي - United Arab Emirates",property leasing company Downtown Dubai,5
google_maps,https://timepropertyuae.com/,,Time Properties,+971 4 321 4442,info@timepropertyuae.com,,agency,Building 12 Marasi Dr - Business Bay - Bay Square - Dubai - United Arab Emirates,property leasing company Downtown Dubai,3.6
google_maps,,,Super Holiday Home: Explore Dubai with luxury stays studio apartment monthly or weekly availability,+971 52 861 1734,,,agency,Burj Khalifa - 25th floor - Burj Khalifa - Downtown Dubai - Dubai - United Arab Emirates,property leasing company Downtown Dubai,4.2
google_maps,https://www.rentanythings.com/,,"RentAnythings | Luxury Rental Marketplace Dubai, UAE",+971 58 551 5811,,,agency,The Exchange Tower - Office 1501-1506 - Unit 1521 15th Floor - Business Bay - Dubai - United Arab Emirates,property leasing company Downtown Dubai,5
google_maps,https://a1properties.ae/,,A1 Properties,+971 800 21776789,info@a1properties.ae,,agency,Fairmont Dubai - Office 1703 - Sheikh Zayed Rd - Trade Center First - Dubai - United Arab Emirates,property leasing company Downtown Dubai,4.5
google_maps,,,Souk Albahar downtown Tajer heart of dubai,+971 55 512 7943,,,agency,Souk Al Bahar - Burj Khalifa - Downtown Dubai - Dubai - United Arab Emirates,property leasing company Downtown Dubai,5
google_maps,https://pointblank-properties.com/,,Point Blank Properties,+971 4 354 1646,asset-3@4x.png,,agency,Blue Bay Tower 1618 - الخليج التجاري - دبي - United Arab Emirates,property leasing company Downtown Dubai,4.9
google_maps,https://sevenstonesdxb.com/,,Seven Stones Real Estate,+971 50 700 5884,info@sevenstonesdxb.com,,agency,"Office 905, Opal Tower - Burj Khalifa Blvd - Business Bay - Dubai - United Arab Emirates",property leasing company Downtown Dubai,4.7
google_maps,https://pangeadubai.com/,,Pangea Downtown,+971 4 566 3780,,,agency,BLVD Plaza Tower 1 Office 1103 - برج خليفة - وسط مدينة دبي - دبي - United Arab Emirates,property leasing company Downtown Dubai,4.9
google_maps,https://gxlloyd.com/,,GxLloyd - Dubai Immobilien,+971 56 394 6059,,,agency,903 - Boulevard Plaza Tower 1 - برج خليفة - وسط مدينة دبي - دبي - United Arab Emirates,property leasing company Downtown Dubai,4.8
google_maps,http://castleandkey.ae/,,Castle & Key Real Estate,+971 52 230 7949,info@castleandkey.ae,,agency,"Empire Heights Tower B, Office No 301 & 306 - الخليج التجاري - دبي - United Arab Emirates",property leasing company Downtown Dubai,4.9
google_maps,,,WORLD LANDLORDS PROPERTIES,+971 55 106 7097,,,agency,Downtown Dubai Business Bay Tamani Art Tower Office 649 - الخليج التجاري - دبي - United Arab Emirates,property leasing company Downtown Dubai,5
google_maps,https://wyzrent.com/,,WYZ Rent,+971 52 157 5554,info@wyzrent.com,,agency,Blue Bay Tower - Office 419 - الخليج التجاري - دبي - United Arab Emirates,property leasing company Downtown Dubai,5
google_maps,https://secondbest.ae/,,Second Best Homes,+971 55 598 7728,,,agency,Burj Khalifa Blvd - Burj Khalifa - Downtown Dubai - Dubai - United Arab Emirates,property leasing company Downtown Dubai,4.7
google_maps,http://www.westminster-properties.com/,,Westminster Properties LLC,+971 4 541 1211,group52@2x-1.png,,agency,Blue Bay Tower - 7th floor - Business Bay - Dubai - United Arab Emirates,property leasing company Downtown Dubai,4.2
google_maps,http://propertysimplified.ae/,,"Property Simplified – Trusted Real Estate Agency in Business Bay Dubai | Buy, Sell & Rent with Ease",+971 55 376 0939,,,agency,"ParkLane Tower Office 1207, Business Bay, Dubai, United Ara Emirates - الخليج التجاري - دبي - United Arab Emirates",property leasing company Downtown Dubai,4.3
google_maps,http://www.mjbay.ae/,,M J Bay Real Estate,+971 4 367 5749,,,agency,"Opal Tower - Office 805, 8 floor Burj Khalifa Blvd - Business Bay - Dubai - United Arab Emirates",property leasing company Downtown Dubai,4.8
google_maps,https://eidonamorproperty.com/,,EIDON AMOR PROPERTIES DUBAI,+971 52 298 5003,info@eidonamorproperty.com,,agency,The H Hotel - Office 2405 - Sheikh Zayed Rd - Trade Center First - Dubai - United Arab Emirates,property leasing company Downtown Dubai,5
google_maps,https://www.propigo.com/,,Propigo Holiday Homes | Short Term Rentals Dubai,+971 58 521 6210,support@propigo.com,,agency,Boulevard Point - Burj Khalifa - Downtown Dubai - Dubai - United Arab Emirates,property leasing company Downtown Dubai,5
google_maps,,,Purple Roof UAE,+971 54 762 7600,,,agency,"Office # 6, 2nd - Downtown, A4 - الخليج التجاري - دبي - United Arab Emirates",property leasing company Downtown Dubai,5
google_maps,https://propdub.com/,,PROP DUB REAL ESTATE LLC,+971 54 266 0995,,,agency,"The Metropolis Tower - Office 07, Unit 2201 - 22nd Marasi Dr - Business Bay - Dubai - United Arab Emirates",property leasing company Downtown Dubai,5
google_maps,http://valco-properties.com/,,Valco Properties (L.L.C),+971 4 379 9919,rameez@valco-properties.com,,agency,Marina Plaza - Office 2804 28th Floor - Marsa Dubai - Dubai Marina - Dubai - United Arab Emirates,property leasing company JBR Dubai,4.6
google_maps,https://www.rush-hour.ae/,,RUSH HOUR REAL ESTATE BROKERAGE,+971 54 431 3048,admin@rush-hour.ae,,agency,46 Al Mamsha St - Marsa Dubai - Jumeirah Beach Residence - Dubai - United Arab Emirates,property leasing company JBR Dubai,5
google_maps,,,Royal Beach Residences,+971 56 874 7353,,,agency,The Walk - Marsa Dubai - Jumeirah Beach Residence - Dubai - United Arab Emirates,property leasing company JBR Dubai,4.6
google_maps,,,PARIS PLAGE VACATION HOMES RENTAL CO. LLC,+971 58 234 9123,,,agency,"apartment 312, Sadaf 6 - 3rd floor - Al Mamsha St - Marsa Dubai - Jumeirah Beach Residence - Dubai - United Arab Emirates",property leasing company JBR Dubai,
google_maps,,,Just Homes Real Estate,+971 50 353 3883,,,agency,Rimal 1 - Marsa Dubai - Jumeirah Beach Residence - Dubai - United Arab Emirates,property leasing company JBR Dubai,3
google_maps,https://www.dubaivacationshome.com/,,Dubai Vacations Home,+971 50 554 1467,,,agency,Amwaj-4 - Marsa Dubai - Jumeirah Beach Residence - Dubai - United Arab Emirates,property leasing company JBR Dubai,5
google_maps,https://atlantisrealestate.ae/listing-page/,,Atlantis Real Estate,+971 55 737 7447,info@atlantisheaven.com,,agency,"Business Bay, Dubai, UAE Gool Building, office 1918 - الخليج التجاري - دبي - United Arab Emirates",property leasing company Business Bay Dubai,4.9
google_maps,https://broeckrealestate.com/,,Broeck Real Estate,+971 4 564 3109,info@broeckrealestate.com,,agency,602 - Tamani Arts Tower - الخليج التجاري - دبي - United Arab Emirates,property leasing company Business Bay Dubai,4.8
google_maps,https://www.rai-properties.com/,,Rai Properties,+971 58 519 1880,nc+pezfkubxlq8y9_f@mu516ja0coip.twwx,,agency,"Prime Tower , 31st Floor - مراسي درايف - الخليج التجاري - دبي - United Arab Emirates",property leasing company Business Bay Dubai,4.9
google_maps,https://www.propertyfinder.ae/en/broker/own-first-real-estate-l-l-c-7094,,Own First Real Estate,+971 52 829 9511,ownfirstre@gmail.com,,agency,"Business Bay, Iris Bay Tower, DZIRE, 2506 - الخليج التجاري - دبي - United Arab Emirates",property leasing company Business Bay Dubai,4.8
google_maps,https://primocapital.ae/,,Primo Capital Real Estate,+971 4 280 3528,info@primocapital.ae,,agency,"Building 1, Office #103 - الخليج التجاري - Bay Square - دبي - United Arab Emirates",property leasing company Business Bay Dubai,4.8
google_maps,https://zooma.ae/,,Zooma Properties LLC,+971 4 420 6611,,,agency,"Office 2701 - Tower, Iris Bay - الخليج التجاري - دبي - United Arab Emirates",property leasing company Business Bay Dubai,4.7
google_maps,http://nexusgroup.me/,,Nexus Group,+971 4 514 8450,sales@hotelempire.com,,agency,"Office 1902, The Citadel Tower - الخليج التجاري - دبي - United Arab Emirates",property leasing company Business Bay Dubai,4.7
google_maps,http://www.osacproperties.com/,,OSAC Properties,+971 4 570 6006,info@osacproperties.com,,agency,"Churchill Executive Tower, Business Bay Office 2507, Floor 25 - الخليج التجاري - دبي - United Arab Emirates",property leasing company Business Bay Dubai,4.9
google_maps,https://buyselllet.ae/,,Buy Sell Let Real Estate | Off-plan properties in dubai | Houses in dubai for sale | Freehold properties in Dubai,+971 55 241 8753,,,agency,Opal Tower - Business Bay - Dubai - United Arab Emirates,property leasing company Business Bay Dubai,5
google_maps,https://dvrgroup.ae/,,DVR Luxury Living Real Estate & Vacation Homes,+971 52 525 1138,info@dvrgroup.ae,,agency,"Office 1605, Blue Bay Tower - Marasi Dr - Business Bay - Dubai - United Arab Emirates",property leasing company Business Bay Dubai,4.8
google_maps,https://www.eliteluxhomes.ae/,,Elite LUX Holiday Homes,+971 4 818 2300,reservations@eliteluxhomes.ae,,agency,Silver Tower - Business Bay - Dubai - United Arab Emirates,property leasing company Business Bay Dubai,4.8
google_maps,http://www.aimproperties.ae/,,AIM Properties,+971 4 369 5383,info@aimproperties.ae,,agency,Business Bay - Dubai - United Arab Emirates,property leasing company Business Bay Dubai,4.5
google_maps,http://www.select-group.ae/,,Select Group,+971 4 368 3355,info@select-group.ae,,agency,Peninsula - Select Group Headquarters - Business Bay - Dubai - United Arab Emirates,property leasing company Business Bay Dubai,4.4
google_maps,https://infinityproperties.ae/,,Infinity Properties LLC,+971 50 872 6368,info@infinityproperties.ae,,agency,"Business bay, Iris bay, Floor #20, Office 2007 - الخليج التجاري - دبي - United Arab Emirates",property leasing company Business Bay Dubai,4.3
google_maps,http://sbholidayhomes.com/,,SB Holiday Homes,+971 54 370 4970,,,agency,"The Binary by OMNIYAT, Business Bay, Office 1914-263 The Binary by OMNIYAT Business Bay, Office 1914-263 - الخليج التجاري - دبي - United Arab Emirates",property leasing company Business Bay Dubai,4.9
google_maps,https://luxuryonere.ae/,,Luxury One Real Estate L.L.C,+971 52 109 6888,,,agency,"Bay Square, Building 8, Office 101 - الخليج التجاري - Bay Square - دبي - United Arab Emirates",property leasing company Business Bay Dubai,4.6
google_maps,http://www.skyviewdubai.com/,,Sky View,+971 4 437 0431,info@skyviewdubai.com,,agency,Clover Bay Tower - Office 1108 - 1109 Marasi Dr - Business Bay - Dubai - United Arab Emirates,property leasing company Business Bay Dubai,4.6
google_maps,http://www.insight-dubai.com/,,INSIGHT PROPERTIES LLC,+971 55 974 3505,,,agency,"15th floor , office 15-34 - Blue Bay Tower - الخليج التجاري - دبي - United Arab Emirates",property leasing company Business Bay Dubai,4
google_maps,https://trillium.ae/,,Trillium Real Estate Dubai,+971 56 444 4105,info@trillium.ae,,agency,Palm Strip Mall - Jumeirah - Jumeirah 1 - Dubai - United Arab Emirates,property leasing company Jumeirah Dubai,4.9
google_maps,http://www.asteco.com/,,Asteco - Dubai Office,+971 600 505056,,,agency,"C Block Entrance, The Curve - Building, 1st Floor - Sheikh Zayed Rd - Al Quoz - Dubai - United Arab Emirates",property leasing company Jumeirah Dubai,4.1
google_maps,,,AQUA Properties - Port de La Mer Office,+971 4 284 8830,,,agency,AQUA Properties Port de La Mer Retail Shop-01 - La Cote Building 5 Port de La Mer by Meraas - جميرا ١ - دبي - United Arab Emirates,property leasing company Jumeirah Dubai,5
google_maps,http://www.capellaproperties.ae/,,capella properties,+971 4 351 8133,,,agency,Latifa Towers - Office Suite - 3406 Sheikh Zayed Road - Trade Center First - Dubai - United Arab Emirates,property leasing company Jumeirah Dubai,4.9
google_maps,https://homes4life.ae/,,Homes 4 Life Real Estate,+971 4 338 7300,,,agency,Office No. 25 26 Oasis Center Sheikh Zayed Road - Al Qouz First - Al Quoz - Dubai - United Arab Emirates,property leasing company Jumeirah Dubai,4.2
google_maps,http://www.throneproperties.ae/,,Throne Properties,+971 4 665 7959,,,agency,"208, M2 - 2020 Building Sheikh Zayed Rd - Al Qouz Third - Al Quoz - Dubai - United Arab Emirates",property leasing company Jumeirah Dubai,4.4
google_maps,https://www.primelp.com/,,Prime Location Properties,+971 58 588 9778,,,agency,Golden Mile 8 - Palm Jumeirah - Dubai - United Arab Emirates,property leasing company Jumeirah Dubai,5
google_maps,https://propertypro.ae/,,Property Pro Real Estate Brokers LLC,+971 55 229 9886,bushan@propertypro.ae,,agency,Blue Tower - Millennium Plaza Downtown - شارع الشيخ زايد - opposite Museum of the Future - المركز التجاري الأولي - دبي - United Arab Emirates,property leasing company Jumeirah Dubai,4.5
google_maps,http://achiever.ae/,,Achiever Properties LLC,+971 4 351 8800,cbashitha@gmail.com,,agency,"The Tower Plaza Hotel, Office 1001 - المركز التجاري الأولي - دبي - United Arab Emirates",property leasing company Jumeirah Dubai,4.5
google_maps,https://www.keyone.com/,,Key One Realty,+971 58 607 5608,saidakmal@keyone.com,,agency,"Rooftop, MSM 2 Building - Sheikh Zayed Rd - Al Safa 1 - Al Safa - Dubai - United Arab Emirates",property leasing company Jumeirah Dubai,4
google_maps,http://www.alfariqproperties.com/,,"Al Fariq Properties L.L.C. | Buy, Sell and Rent a Property in Dubai | Real Estate Company in Dubai",+971 4 874 7892,,,agency,Latifa Tower - Office No 2005 Sheikh Zayed Rd - Trade Center First - Dubai - United Arab Emirates,property leasing company Jumeirah Dubai,4.2
google_maps,https://grandvisionuae.com/?utm_source=google&utm_medium=organic&utm_campaign=gbp-website-link,,Grand Vision Real Estate LLC | Dubai Property Consultants | Dubai Real Estate Agency | خرید ملک در دبی,+971 50 133 5111,,,agency,1903 The Tower Plaza Hotel - شارع الشيخ زايد - المركز التجاري الأولي - دبي - United Arab Emirates,property leasing company Jumeirah Dubai,4.5
google_maps,http://www.milestonehomesre.com/,,Milestone Homes Real Estate,+971 4 442 5909,info@mshre.ae,,agency,3306 - Churchill Tower - مراسي درايف - الخليج التجاري - دبي - United Arab Emirates,property leasing company Jumeirah Dubai,4.7
google_maps,https://www.goodstaydubai.com/,,GoodStay Holiday Homes,+971 54 395 2843,goodstayhh@gmail.com,,agency,118 Al Meydan Rd - Al Qouz First - Al Quoz - Dubai - United Arab Emirates,property leasing company Jumeirah Dubai,4.9
google_maps,https://elysian.com/,,Elysian Sales Center,+971 4 885 3050,,,agency,Elysian Building - Sheikh Zayed Rd - Umm Al Sheif - Dubai - United Arab Emirates,property leasing company Jumeirah Dubai,4.5
google_maps,https://sothebysrealty.ae/,,Dubai Sotheby's International Realty - Four Seasons Jumeirah Showroom,+971 4 455 0800,rs@sothebysrealty.ae,,agency,"lobby - Retail Area Four Seasons Resort - Shop 2, Ground floor - Jumeirah - Jumeira Second - Dubai - United Arab Emirates",property leasing company Jumeirah Dubai,4
google_maps,https://www.anqa.ae/,,ANQA REAL ESTATE BROKER LLC,+971 58 558 1981,info@anqa.ae,,agency,Iris Bay - Office 24 - Floor 13 Al Mustaqbal St - Business Bay - Dubai - United Arab Emirates,property leasing company Jumeirah Dubai,5
google_maps,https://www.dexters.co.uk/contact-us/our-offices/london-bridge,,Dexters London Bridge Estate Agent,+44 20 7650 5100,,,agency,"54 Borough High St, London Brg, London SE1 1XL, UK",letting agent London,4.9
google_maps,http://www.paramount-properties.co.uk/,,Paramount Properties,+44 20 7372 0202,,,agency,"150 W End Ln, London NW6 1SD, UK",letting agent London,4.8
google_maps,https://www.hudsonsproperty.com/?utm_source=Google%20My%20Business&utm_medium=Website,,Hudsons Property,+44 20 7323 2277,,,agency,"24 Charlotte St., London W1T 2ND, UK",letting agent London,4.8
google_maps,https://realestateagentslondon.co.uk/,,Real Estate Agents London,+44 20 7055 0441,info@realestateagentslondon.co.uk,,agency,"75A Barking Rd, London E16 4HB, UK",letting agent London,4.7
google_maps,https://www.acorngroup.co.uk/our-offices/estate-agents-in-london-bridge?utm_source=localmaps&utm_medium=gbp&utm_campaign=gmb_london_bridge,,Acorn Estate Agents and Letting Agents in London Bridge,+44 20 7089 6565,,,agency,"116-118 Bermondsey St, London Bridge St, London SE1 3TX, UK",letting agent London,4.8
google_maps,http://www.locationlocation.com/,,Location Location,+44 20 7923 9222,,,agency,"18 Stoke Newington Church St, London N16 0LU, UK",letting agent London,4.9
google_maps,https://dolcevita.vip/,,Dolce Vita | Luxury Real Estate London,+44 20 8870 5665,contact@dolcevita.vip,,agency,"Berkeley Square House, Berkeley Square, London W1J 6BD, UK",letting agent London,4.8
google_maps,https://www.kfh.co.uk/branches/london-bridge/?utm_source=google&utm_medium=local&utm_campaign=gmb&utm_term=london_bridge,,Kinleigh Folkard & Hayward London Bridge Estate & Lettings Agents,+44 20 3465 9230,londonbridge.sales@kfh.co.uk,,agency,"44-48 Borough High St, London SE1 1GH, UK",letting agent London,4.9
google_maps,http://www.circalondon.com/,,Circa London Southwark Estate Agents,+44 20 3137 7877,,,agency,"The Pavilion, 118 Southwark St, London SE1 0SW, UK",letting agent London,4.8
google_maps,http://www.grange.london/,,Grange London Limited,+44 20 3019 6150,info@grange.london,,agency,"Unit 10, Paddington Works, 8 Hermitage St, London W2 1BE, UK",letting agent London,4.9
google_maps,https://www.chbl.uk/,,Crown Home Buying & Letting - Luxury Estate Agents London,+44 20 7903 6881,info@chbl.uk,,agency,"International House, 1 St Katharine's Way, London E1W 1UN, UK",letting agent London,4.8
google_maps,https://www.astonchase.com/,,Aston Chase,+44 20 7724 4724,,,agency,"67-71 Park Rd, London NW1 6XU, UK",letting agent London,5
google_maps,https://www.storeys.co/,,Storeys - Estate & Letting Agents In Hackney,+44 20 7096 0666,hello@storeys.co,,agency,"77, Containerville, 1 Emma St, London E2 9FP, UK",letting agent London,4.8
google_maps,http://www.propertyloop.co.uk/search,,London Estate Agents | PropertyLoop,+44 20 8989 7566,,,agency,"30 Churchill Pl, Canary Wharf Estate, London E14 5EU, UK",letting agent London,4.5
google_maps,https://www.bhhslondonproperties.com/branch/hyde-park/?utm_source=googlemaps&utm_medium=organic,,Hyde Park Estate Agents - Berkshire Hathaway HomeServices London,+44 20 7262 2030,,,agency,"24-25 Albion St, Hyde Park Estate, London W2 2AX, UK",letting agent London,4.8
google_maps,http://www.flatsorhouses.com/,,Flats & Houses,+44 20 8880 0909,info@flatsorhouses.com,,agency,"24 Stamford Hill, London N16 6XZ, UK",letting agent London,4.9
google_maps,https://www.dexters.co.uk/contact-us/our-offices/tower-bridge,,Dexters Tower Bridge Estate Agents,+44 20 7650 5105,,,agency,"50 Shad Thames Tower Bridge, London SE1 2LY, UK",letting agent London,4.9
google_maps,https://www.foxtons.co.uk/contact/foxtons_london_bridge_estate_agents.html?utm_campaign=Foxtons+London+Bridge+Estate+Agents&utm_medium=google_gmb&utm_source=Localistico_business_listing,,Foxtons London Bridge Estate Agents,+44 20 7386 6500,londonbridge@foxtons.co.uk,,agency,"94 Borough High St, London Brg, London SE1 1LL, UK",letting agent London,4.6
google_maps,http://www.garrettwhitelock.co.uk/?utm_source=GoogleMyBusiness&utm_medium=se1,,Garrett Whitelock Estate Agents SE1,+44 20 7407 4586,info@garrettwhitelock.co.uk,,agency,"164 Tower Bridge Rd, London SE1 3FG, UK",letting agent London,4.9
google_maps,https://tavistockbow.com/,,"Tavistock Bow | West End Property Specialists covering Covent Garden, Soho, Bloomsbury, Midtown & South Bank",+44 20 7477 2177,,,agency,"21 New Row, London WC2N 4LE, UK",letting agent London,4.9
google_maps,https://www.greaterlondonproperties.co.uk/?utm_source=google&utm_medium=referal&utm_campaign=bloomsbury&utm_term=bloomsbury&utm_content=bloomsbury,,Greater London Properties - Bloomsbury Estate Agents,+44 20 7113 1066,,,agency,"65 Judd St, London WC1H 9RF, UK",letting agent London,4.8
google_maps,http://www.viewlettings.com/,,View Lettings | Central London Estate Agents,+44 20 7378 8696,,,agency,"68 Newcomen St, London SE1 1YT, UK",letting agent London,4.6
google_maps,https://www.benhams.com/estate-agents/london-city/?utm_source=gmb&utm_medium=seo&utm_campaign=City-Office,,Benham & Reeves - City of London Estate Agents,+44 20 7213 9700,city@benhams.com,,agency,"7, Hind Court, 147 Fleet St, London EC4A 2BU, UK",letting agent London,4.9
google_maps,https://www.dexters.co.uk/contact-us/our-offices/notting-hill,,Dexters Notting Hill Estate Agents,+44 20 7792 0792,,,agency,"121 Notting Hill Gate, London W11 3LB, UK",letting agent London,4.8
google_maps,https://www.frankharris.co.uk/branches/bloomsbury-and-kings-cross,,Frank Harris & Co. Bloomsbury & Kings Cross Estate Agents,+44 20 7387 0077,,,agency,"81 Marchmont St, London WC1N 1AL, UK",letting agent London,4.9
google_maps,https://www.dexters.co.uk/landlords/corporate-lettings-relocation,,Dexters Corporate Lettings and International Relocation,+44 20 7590 9590,,,agency,"66 Grosvenor St, London W1K 3JL, UK",letting agent London,4.9
google_maps,https://www.londonhomelets.co.uk/,,LONDON HomeMoves,+44 20 7993 2907,lettings@londonhomemoves.co.uk,,agency,"20 N End Parade, London W14 0SJ, UK",letting agent London,5
google_maps,https://www.dexters.co.uk/contact-us/our-offices/clerkenwell,,Dexters Clerkenwell Estate Agents,+44 20 7483 6370,,,agency,"Millennium Heights, 1 Britton St, London EC1M 5NW, UK",letting agent London,4.9
google_maps,https://www.chestertons.co.uk/en-gb/network/central-london/covent-garden?utm_source=Google&utm_medium=Local,,Chestertons Covent Garden Estate Agents,+44 20 3040 8400,,,agency,"196 Shaftesbury Ave, London WC2H 8JF, UK",letting agent London,4.9
google_maps,https://www.bhhslondonproperties.com/branch/kings-cross/?utm_source=googlemaps&utm_medium=organic,,King's Cross Estate Agents - Berkshire Hathaway HomeServices London,+44 20 7467 2020,,,agency,"Unit 4, 6 Pancras Sq, London N1C 4AG, UK",letting agent London,4.9
google_maps,http://www.storyofhome.co.uk/,,Story of Home,+44 20 7867 3999,cropped-artboard@2x-32x32.png,,agency,"175 Wardour St, London W1F 8WU, UK",letting agent London,5
google_maps,https://www.danielcobb.co.uk/our-offices/london-bridge-estate-agents?utm_source=gmb&utm_medium=organic&utm_campaign=gmb,,Daniel Cobb London Bridge Estate Agents,+44 20 7357 0026,,,agency,"82-84 Bermondsey St, London SE1 3UD, UK",letting agent London,4.6
google_maps,http://www.jbrown.com/,,JBrown Aldgate Estate Agents,+44 20 3981 7171,,,agency,"Level 4, Aldgate Tower, 2 Leman St, London E1 8FA, UK",letting agent London,4.9
google_maps,https://www.keatons.com/offices/bow/,,Keatons Bow,+44 20 8981 7788,bow@keatons.com,,agency,"397-399 Mile End Rd, Bow, London E3 4PB, UK",letting agent London,4.8
google_maps,https://www.properly.space/?utm_source=localmaps&utm_medium=gbp&utm_campaign=westminster,,Properly - Estate and Letting Agents in Westminster,+44 20 7459 4400,name@domain.com,,agency,"13 Palace St, London SW1E 5HX, UK",letting agent London,5
google_maps,https://www.danielcobb.co.uk/our-offices/kennington-estate-agents?utm_source=gmb&utm_medium=organic&utm_campaign=gmb,,Daniel Cobb Kennington Estate Agents,+44 20 7735 9510,,,agency,"191 Kennington Ln, London SE11 5QS, UK",letting agent London,4.9
google_maps,https://www.parkesestates.com/?utm_source=localmaps&utm_medium=gbp&utm_campaign=south_kensington,,"Parkes Estate Agents | Property Management, Letting & Estate Agents in South Kensington",+44 20 7368 6332,sales@parkesestates.com,,agency,"22 Gloucester Rd, South Kensington, London SW7 4RB, UK",letting agent London,4.7
google_maps,https://www.london-estates.net/,,London Estates,+44 20 8741 8485,office@londonestates.net,,agency,"61 Dalling Rd, London W6 0JD, UK",letting agent London,4.9
google_maps,http://www.winkworth.co.uk/estate-agents/west-end,,Winkworth West End Estate Agents,+44 20 7240 3322,westend@winkworth.co.uk,,agency,"55 New Oxford St, London WC1A 1BS, UK",letting agent London,4.7
google_maps,https://www.greaterlondonproperties.co.uk/?utm_source=google&utm_medium=referal&utm_campaign=soho&utm_term=soho&utm_content=soho,,Greater London Properties (GLP) - Soho Estate Agents,+44 20 7734 4062,,,agency,"49 Broadwick St, Carnaby, London W1F 9QR, UK",letting agent London,4.6
google_maps,https://www.cloudrooms.co.uk/,,Cloud Rooms London Lettings Agent,+44 20 3535 0074,,,agency,"2 Jubilee St, Stepney Green, London E1 3FU, UK",letting agent London,4.5
google_maps,https://www.kfh.co.uk/branches/clerkenwell/?utm_source=google&utm_medium=local&utm_campaign=gmb&utm_term=clerkenwell,,Kinleigh Folkard & Hayward Clerkenwell Estate & Lettings Agents,+44 20 7563 5060,clerkenwell.sales@kfh.co.uk,,agency,"132-136, Bullion Bldg, St John St, London EC1V 4JJ, UK",letting agent London,4.9
google_maps,http://www.capitalheights.co.uk/,,Capital Heights Estate Agents,+44 20 7078 0077,,,agency,"229, East, Works, 75 Whitechapel Rd, London E1 1DU, UK",letting agent London,4.7
google_maps,http://www.leonewman.co.uk/,,Leo Newman,+44 20 7637 8848,contact@leonewman.co.uk,,agency,"106 Cleveland St, London W1T 6NX, UK",letting agent London,4.7
google_maps,http://regent-property.com/,,Regent Property,+44 20 8743 9101,,,agency,"Broadwall House, 21 Broadwall, London SE1 9PL, UK",letting agent London,4.2
google_maps,http://circalondon.com/offices/estate-agents/shoreditch,,"Circa London Estate Agents in London EC2, Shoreditch",+44 20 3137 1445,,,agency,"59 Great Eastern St, London EC2A 3HS, UK",letting agent London,4.9
google_maps,https://wetherell.co.uk/,,Wetherell Mayfair Estate Agents,+44 20 7493 6935,,,agency,"102 Mount St, London W1K 2TH, UK",letting agent London,4.9
google_maps,https://www.kfh.co.uk/branches/sloane-square/?utm_source=google&utm_medium=local&utm_campaign=gmb&utm_term=sloane_square,,Kinleigh Folkard & Hayward Sloane Square Estate & Lettings Agents,+44 20 7042 9100,sloanesquare.sales@drakerkfh.co.uk,,agency,"Sloane Square House, 1 Holbein Pl, London SW1W 8NS, UK",letting agent London,4.8
google_maps,https://www.frankharris.co.uk/branches/barbican-city-clerkenwell,,"Frank Harris & Co. Barbican, City and Clerkenwell Estate Agents",+44 20 7600 7000,,,agency,"87 Long Ln, Barbican, London EC1A 9ET, UK",letting agent London,4.9
google_maps,https://smartletestates.co.uk/,,SmartLet Estates,+44 20 7846 9181,,,agency,"105 Eade Road, Occ Building Block J, Ground Floor, Unit 1, Harringay Warehouse District, London N4 1TJ, UK",letting agent London,4.7
google_maps,https://www.dexters.co.uk/contact-us/our-offices/pimlico,,Dexters Pimlico Estate Agents,+44 20 7976 5200,,,agency,"Pimlico Estate Agents, 42 Denbigh St, Pimlico, London SW1V 2ER, UK",letting agent London,4.9
google_maps,http://www.primelondonresidential.com/,,Prime London Residential (Riverside),+44 20 7928 6663,croffice@primelondonresidential.com,,agency,"Palace View, 131 Lambeth Rd, London SE1 7BT, UK",letting agent London,4.7
google_maps,https://www.barnardmarcus.co.uk/estate-agents/covent-garden?utm_source=Google&utm_medium=Main+URL&utm_campaign=Google+Knowledge+Panel&utm_id=YEXT&y_source=1_NjUyNTUxNTMtNzE1LWxvY2F0aW9uLndlYnNpdGU%3D,,Barnard Marcus Estate Agents Covent Garden,+44 20 7836 8427,,,agency,"53 Endell St, London WC2H 9AJ, UK",letting agent London,4.7
google_maps,https://www.chaseevans.com/branch-finder/strata/?utm_source=google&utm_medium=local&utm_campaign=gmb&utm_term=head_office,,Chase Evans Estate & Letting Agents - Property Management & Head Office,+44 20 3869 2191,propertymanagement@chaseevans.com,,agency,"Strata SE1, 10 & 12 Walworth Rd, London SE1 6EE, UK",letting agent London,4.2
google_maps,https://laurels.co.uk/,,Laurels Property Partners,+44 20 8191 9595,,,agency,"6 Flitcroft St, London WC2H 8DJ, UK",letting agent London,4.8
google_maps,http://www.guardsrealestate.com/,,Guards Real Estate,+44 20 3633 1271,,,agency,"Berkeley, Suite 35 Berkeley Square, London W1J 5BF, UK",letting agent London,4.8
google_maps,https://www.canaryproperties.co.uk/,,Canary Properties,+44 20 3743 0333,,,agency,"1C Aberdeen Pl, London NW8 8JN, UK",letting agent London,4.8
google_maps,https://www.benhams.com/estate-agents/hampstead/?utm_source=gmb&utm_medium=seo&utm_campaign=Hampstead,,Benham & Reeves - Hampstead Estate Agents,+44 20 7435 9681,hamp@benhams.com,,agency,"51-53 Heath St, London NW3 6UG, UK",letting agent London,4.7
google_maps,https://www.swlp.co.uk/,,South West London Property - SWLP,+44 20 8767 0894,info@swlp.co.uk,,agency,"195 Franciscan Rd, London SW17 8HJ, UK",letting agent London,4.9
google_maps,http://www.jpropertymanagement.co.uk/,,J Property Management London,+44 20 8050 9267,info@jpropertymanagement.co.uk,,agency,"7 Bell Yard, London WC2A 2JR, UK",property management company London,4.8
google_maps,https://propertymanagementcompany.uk/,,Property Management Company London,+44 7440 587275,info@propertymanagementcompany.uk,,agency,"64 Atkinson Rd, London E16 3LS, UK",property management company London,5
google_maps,http://www.ionpropertymanagement.co.uk/,,ION Property Management,+44 7879 612290,,,agency,"2nd Floor, 24 Goodge St, London W1T 2QF, UK",property management company London,5
google_maps,http://www.curated-property.com/,,Curated Property,+44 20 3603 9006,guests@curated-property.com,,agency,"Thomas House, 84 Eccleston Square, Pimlico, London SW1V 1PX, UK",property management company London,5
google_maps,http://www.homewoodhomes.co.uk/,,Homewood Homes Property Management,+44 20 8313 1393,enquiries@homewoodhomes.co.uk,,agency,"334 Kennington Ln, London SE11 5HY, UK",property management company London,4.9
google_maps,https://www.mbrpropertymanagement.co.uk/,,MBR Property Management,+44 20 3005 3474,info@mbrpropertymanagement.co.uk,,agency,"41-43 Chalton St, London NW1 1JD, UK",property management company London,5
google_maps,https://livinglondon.com/,,Living London Property Management,+44 20 7101 4422,hello@livinglondon.com,,agency,"6, Living London Property Management Limited, St Georges Court, 131 Putney Bridge Rd, London SW15 2PA, UK",property management company London,4
google_maps,https://www.emluk.com/,,Estate Management London Limited,+44 20 7930 9333,,,agency,"37-39 Maida Vale, London W9 1TP, UK",property management company London,4.6
google_maps,https://www.1stpropertymanagement.co.uk/,,1st Property Management,+44 20 3984 9146,info@1stpropertymanagement.co.uk,,agency,"86-90 Paul St, London EC2A 4NE, UK",property management company London,4.4
google_maps,https://www.bkpropertymanagementservices.com/,,BK Property Management Services,+44 20 8470 1420,lettings@bkpropertymanagementservices.com,,agency,"136 Katherine Rd, London E6 1ER, UK",property management company London,5
google_maps,https://www.guestready.com/airbnb-management/london/?utm_source=google&utm_medium=organic&utm_campaign=gbp-listing-london,,GuestReady - Airbnb Management London,+44 20 3868 3401,,,agency,"Fora Space, 31-35 Kirby St, London EC1N 8TE, UK",property management company London,4.8
google_maps,https://www.baseps.co.uk/,,base property specialists - Letting Agent,+44 20 7033 1901,,,agency,"3 Garden Walk, London EC2A 3EQ, UK",property management company London,4.9
google_maps,http://www.primeresidentialpm.com/,,Prime Residential,+44 20 3874 2976,,,agency,"1 King William St, London EC4N 7AF, UK",property management company London,4.9
google_maps,https://langhamestate.com/?utm_source=google&utm_medium=organic&utm_campaign=gbp-listing,,The Langham Estate - Commercial Property Management in London,+44 20 7580 5656,,,agency,"9A Margaret St, London W1W 8RJ, UK",property management company London,5
google_maps,http://www.manage-my-property.co.uk/,,Manage My Property,+44 20 7228 9480,info@manage-my-property.co.uk,,agency,"The Engine, The Power Station, Nine Elms, London SW11 8BZ, UK",property management company London,4.6
google_maps,http://www.homesrus.co.uk/,,Homes R Us Property Management London,+44 20 8087 0644,info@homesrus.co.uk,,agency,"124, 128 City Rd, London EC1V 2NX, UK",property management company London,5
google_maps,http://www.houseman-properties.com/,,Houseman Properties,+44 20 3544 1561,info@houseman-properties.com,,agency,"Concorde House, Grenville Pl, London NW7 3SA, UK",property management company London,5
google_maps,http://www.thepropertycompany.co.uk/,,The Property Company,+44 20 8348 8833,n8@thepropertycompany.co.uk,,agency,"143 Tottenham Ln, London N8 9BJ, UK",property management company London,4.2
google_maps,https://airoperate.co.uk/?utm_source=Organic&utm_medium=GMB_Listing_Downy_House_London&utm_id=Google,,AirOperate| AirBnB Property Management|London|Brighton|Manchester|Edinburgh|Luton|Oxford,+44 330 818 2808,,,agency,"Downy House, Bethnal Green, London E1 4DX, UK",property management company London,4.1
google_maps,https://www.m2property.com/,,M2 Property,+44 20 7043 8431,,,agency,"6 Roland Gardens, South Kensington, London SW7 3PH, UK",property management company London,4.6
google_maps,http://www.alexanderproperty.co.uk/,,Alexander Property Management Ltd,+44 20 8501 1489,info@alexanderproperty.co.uk,,agency,"70 Wood St, London E17 3HT, UK",property management company London,4.8
google_maps,http://www.tyersyanmanagement.com/,,Tyers Yan Management,+44 20 4534 7004,office@tyersyanmanagement.com,,agency,"Berkeley Square House, Berkeley Square, London W1J 6BD, UK",property management company London,5
google_maps,https://www.cheshamproperty.com/,,Chesham Property London,+44 20 8402 1087,sales@cheshamproperty.com,,agency,"35 Berkeley Square, London W1J 5BF, UK",property management company London,5
google_maps,https://www.youtube.com/@cncpropertyservicesltd3204/videos,,CNC Property Services,+44 7860 674057,,,agency,"Wework, Aldgate Tower, 2 Leman St, London E1 8FA, UK",property management company London,4.5
google_maps,http://www.tibzproperties.com/,,Tibz Properties,+44 20 3137 2825,office@tibzproperties.com,,agency,"63-66 Hatton Garden Fifth Floor, Suite 23, London EC1N 8LE, UK",property management company London,4.7
google_maps,https://homeworldmanagement.co.uk/,,Home World Management Ltd,+44 20 8740 3788,,,agency,"142 Bentworth Rd, London W12 7AH, UK",property management company London,4.5
google_maps,http://www.fairdealgroup.co.uk/,,Fairdeal Property Services,+44 20 7791 1678,,,agency,"2-4 Cavell St, London E1 2HP, UK",property management company London,4.9
google_maps,http://www.foliolondon.co.uk/,,Folio London,+44 20 3815 0484,hello@foliolondon.co.uk,,agency,"Bruce Kenrick House, 2 Killick St, London N1 9FL, UK",property management company London,4.1
google_maps,http://uklondonhomes.com/,,London Homes Property Limited,+44 20 8128 4401,hello@tisodigital.com,,agency,"Homes Property Limited, 16 Upper Woburn Pl, London WC1H 0AF, UK",property management company London,4.7
google_maps,http://www.thepropertymanageruk.co.uk/,,The Property Manager UK,+44 20 3326 6260,info@thepropertymanageruk.co.uk,,agency,"King's Rd, London SW10 0TU, UK",property management company London,4.2
google_maps,https://www.sandosmanagement.co.uk/,,Sandos Management,+44 20 3576 3947,info@sandosmanagement.co.uk,,agency,"45 Fitzroy Street Silverstream, House, London W1T 6EB, UK",property management company London,4.9
google_maps,https://www.london-executive.com/,,London Executive,+44 7476 557447,team@london-executive.com,,agency,"65 York St, London W1H 1PQ, UK",property management company London,4.6
google_maps,http://www.olympusmanagement.co.uk/?utm_source=GBP&utm_medium=organic&utm_campaign=office,,Olympus Management,+44 20 3772 0500,info@olympusmanagement.co.uk,,agency,"12 Old Bond St, London W1S 4PW, UK",property management company London,4.7
google_maps,https://www.shointernationalproperty.co.uk/,,Sho International Property Management Limited,+44 20 3204 0062,property@shointernational.co.uk,,agency,"33 Cavendish Square, London W1G 0PW, UK",property management company London,5
google_maps,http://www.elevation88.com/,,Elevation 88 LLP - Property Consultancy,+44 844 288 8888,info@elevation88.com,,agency,"403, Linen Hall, 162-168 Regent St., London W1B 5TF, UK",property management company London,5
google_maps,https://www.maplewoodproperty.co.uk/,,Maplewood Property,+44 20 3488 0224,info@maplewoodproperty.co.uk,,agency,"14-15 Lower Grosvenor Pl, London SW1W 0EX, UK",property management company London,5
google_maps,http://www.capitalproperties.co.uk/,,Capital Properties Management Ltd,+44 20 8995 5995,homes@capitalproperties.co.uk,,agency,"466 Chiswick High Rd., Chiswick, London W4 5TT, UK",property management company London,4.1
google_maps,http://www.bm-properties.com/,,BM Properties,+44 20 3576 5007,,,agency,"55 Princes Gate, Exhibition Rd, London SW7 2PN, UK",property management company London,5
google_maps,http://www.propertyinc.co.uk/,,Property Inc,+44 20 3146 7755,,,agency,"7, Turnpike Parade, Green Lanes, London N15 3EA, UK",property management company London,4.5
google_maps,http://www.ldn-pm.co.uk/,,London Property Management,+44 20 3051 8689,,,agency,"25 Cabot Sq, Canary Wharf Estate, London E14 4QA, UK",property management company London,1
google_maps,https://www.upgradedpm.com/london-areas/?utm_source=google&utm_medium=organic&utm_campaign=gbp_london,,Upgraded Property Management London,+44 117 463 3444,hello@theupgradeauthority.co.uk,,agency,"37 Lombard St, London EC3V 9BQ, UK",property management company London,5
google_maps,https://www.lixing.co.uk/,,Lixing 力行,+44 20 4571 2888,info@lixing.co.uk,,agency,"8 St James's Square, London SW1Y 4JU, UK",property management company London,4.9
google_maps,https://www.pilcher.london/,,Pilcher London - Office Agents,+44 20 7399 8600,davidrosen@pilcher.london,,agency,"10 Golden Square, London W1F 9JA, UK",property management company London,5
google_maps,https://madeeasymanagement.co.uk/,,Made Easy Management,+44 20 3916 5751,contact@madeeasymanagement.co.uk,,agency,"85 Great Portland St, London W1W 7LY, UK",property management company London,4.2
google_maps,http://www.thelondonagent.com/,,The London Agent,+44 20 3012 1809,cropped-logosmall@2x-32x32.png,,agency,"207 Regent St., London W1B 4ND, UK",property management company London,4.4
google_maps,https://parkerjamesestates.co.uk/,,Parker James Estates Ltd,+44 20 7287 4244,enquiries@parkerjamesestates.co.uk,,agency,"48 Warwick St, London W1B 5NL, UK",property management company London,4.4
google_maps,http://www.nextproperty.co.uk/,,Next Property,+44 20 7118 0000,,,agency,"9 Green's Ct, London W1F 0HH, UK",property management company London,3.7
google_maps,http://www.rentmyhome.co.uk/,,Rent My Home,+44 20 3875 6999,admin@rentmyhome.co.uk,,agency,"8 St Thomas St, London SE1 9RR, UK",property management company London,4.5
google_maps,https://www.liferesidential.co.uk/branch/estate-agents/west-london?utm_source=gmb&utm_medium=organic&utm_campaign=west-london#/,,Life Residential West London,+44 20 3668 1111,customercare@liferesidential.co.uk,,agency,"203 Victoria Rd, North Acton, London W3 6BT, UK",residential letting agency West London,4.5
google_maps,http://www.castlehillproperties.co.uk/,,Castle Hill Properties: Estate Agent Ealing,+44 20 8998 1118,enquiries@castlehillproperties.co.uk,,agency,"23 The Avenue, London W13 8JR, UK",residential letting agency West London,4.7
google_maps,http://www.broadwayandwest.co.uk/,,Broadway & West,+44 20 8834 7030,,,agency,"121 Fulham Palace Rd, London W6 8JA, UK",residential letting agency West London,4.7
google_maps,https://www.westways.co.uk/,,Westways Estate Agents,+44 20 7286 5757,,,agency,"20 Great Western Rd, Maida Hill, London W9 3NN, UK",residential letting agency West London,4.6
google_maps,https://www.tatesestates.co.uk/,,Tates (Agents),+44 20 7602 6020,,,agency,"135 Hammersmith Rd, London W14 0QL, UK",residential letting agency West London,4.8
google_maps,https://bit.ly/48Bwx7k,,Fraser & Co London West End Estate Agents,+44 20 7723 5645,info@fraser.uk.com,,agency,"Unit 12, West End Quay, S Wharf Rd, London W2 1JB, UK",residential letting agency West London,4.3
google_maps,https://www.benhams.com/estate-agents/hammersmith/?utm_source=gmb&utm_medium=seo&utm_campaign=Hammersmith,,Benham & Reeves - Hammersmith Estate Agents,+44 20 8600 0960,fr@benhams.com,,agency,"Distillery Wharf, Fulham Reach, Chancellor's Rd, London W6 9GX, UK",residential letting agency West London,4.9
google_maps,http://www.winkworth.co.uk/estate-agents/ealing-and-acton,,Winkworth Ealing & Acton Estate Agents,+44 20 8896 0123,ealing@winkworth.co.uk,,agency,"5 - 6, Station Buildings, 5-6 Uxbridge Rd, London W5 3NU, UK",residential letting agency West London,4.8
google_maps,https://www.northwooduk.com/north-west-london-estate-agents/,,Northwood (North West London) Limited,+44 20 8125 7625,,,agency,"42 Upper Berkeley St, London W1H 5PW, UK",residential letting agency West London,5
google_maps,http://www.winkworth.co.uk/estate-agents/shepherds-bush,,Winkworth Shepherds Bush Estate Agents,+44 20 8735 3266,shepherdsbush@winkworth.co.uk,,agency,"97 Uxbridge Rd, London W12 8NL, UK",residential letting agency West London,4.5
google_maps,https://www.japansla.com/,,Japan Sales & Lettings Agency Ltd,+44 20 8993 6100,,,agency,"8 Station Parade, Uxbridge Rd, London W5 3LD, UK",residential letting agency West London,4.6
google_maps,http://www.village-properties.co.uk/,,Village Properties,+44 20 8876 2222,,,agency,"57 Sheen Ln, London SW14 8AB, UK",residential letting agency West London,4.9
google_maps,http://www.hortonandgarton.co.uk/?utm_source=local&utm_medium=organic&utm_campaign=gmb,,Horton and Garton,+44 20 8819 0510,,,agency,"172 King St, London W6 0QU, UK",residential letting agency West London,4.8
google_maps,http://www.domusnova.com/,,Domus Nova,+44 20 7727 1717,,,agency,"17 Kensington Park Rd, London W11 2EU, UK",residential letting agency West London,4.7
google_maps,https://ahometorent.com/,,A Home To Rent,+44 20 7610 9689,info@ahometorent.com,,agency,"Townmead Business Centre, 16 William Morris Way, London SW6 2SZ, UK",residential letting agency West London,5
google_maps,http://www.winkworth.co.uk/estate-agents/notting-hill,,Winkworth Notting Hill Estate Agents,+44 20 7727 3227,nottinghill@winkworth.co.uk,,agency,"178 Westbourne Grove, London W11 2RH, UK",residential letting agency West London,4.9
google_maps,http://www.winkworth.co.uk/estate-agents/north-kensington,,Winkworth North Kensington Estate Agents,+44 20 7792 5000,northkensington@winkworth.co.uk,,agency,"141 Ladbroke Grove, London W10 6HJ, UK",residential letting agency West London,4.8
google_maps,http://www.residentialrealtors.co.uk/,,Residential Realtors Estate Agents,+44 20 7096 8131,,,agency,"28-30 Harper Rd, London SE1 6AD, UK",residential letting agency West London,4.1
google_maps,http://www.nw6pm.co.uk/,,Northwest 6 Property Management,+44 20 7328 2320,info@nw6pm.co.uk,,agency,"6 Bridge Kilburn, Kilburn High Road, London NW6 6HT, UK",residential letting agency West London,4.8
google_maps,http://landstones.co.uk/,,Landstones Estate Agents Notting Hill,+44 20 7096 9476,contact@landstones.co.uk,,agency,"297 Westbourne Grove, London W11 2QA, UK",residential letting agency West London,4.7
google_maps,https://www.foxtons.co.uk/contact/foxtons_earls_court_estate_agents.html?utm_campaign=Foxtons+Earls+Court+Estate+Agents&utm_medium=google_gmb&utm_source=Localistico_business_listing,,Foxtons Earls Court Estate Agents,+44 20 3728 2000,earlscourt@foxtons.co.uk,,agency,"239 Old Brompton Rd, London SW5 9HP, UK",residential letting agency West London,4.5
google_maps,https://www.benhams.com/estate-agents/imperial-wharf/?utm_source=gmb&utm_medium=seo&utm_campaign=Imperial-Wharf,,Benham & Reeves - Imperial Wharf Estate Agents,+44 20 7348 7620,iw@benhams.com,,agency,"15, Imperial Wharf the Boulevard, London SW6 2UB, UK",residential letting agency West London,4.7
google_maps,https://www.hamptons.co.uk/branch/estate-agents/city-of-london,,Hamptons Estate and Letting Agents City & West End,+44 20 4584 3453,,,agency,"Aldermary House, 15 Queen St, London EC4N 1TX, UK",residential letting agency West London,4.6
google_maps,http://www.welcomehome-uk.com/,,Welcome Home,+44 20 7164 6021,info@welcomehome-uk.com,,agency,"146 Strand, London WC2R 1JD, UK",residential letting agency West London,5
google_maps,https://www.marshandparsons.co.uk/contact-us/branches/notting-hill-estate-agents/,,Marsh & Parsons Notting Hill Estate Agents,+44 20 7313 2890,,,agency,"2-6 Kensington Park Rd, London W11 3BU, UK",residential letting agency West London,4.7
google_maps,http://www.tuckermanresidential.co.uk/,,Tuckerman Residential,+44 20 7222 5510,info@tuckermanresidential.co.uk,,agency,"52 Moreton St, Pimlico, London SW1V 2PB, UK",residential letting agency West London,5
google_maps,http://www.residentialland.com/,,Residential Land,+44 20 7408 5155,,,agency,"59-60 Grosvenor St, London W1K 3HZ, UK",residential letting agency West London,4.8
google_maps,https://www.dexters.co.uk/contact-us/our-offices/hyde-park,,Dexters Hyde Park & Bayswater Estate Agents,+44 20 7298 1560,,,agency,"4 Spring St, Tyburnia, London W2 3RA, UK",residential letting agency West London,4.8
google_maps,http://www.hanover-residential.co.uk/,,Hanover Residential,+44 20 7722 2223,sjw@hanover-residential.com,,agency,"102 St John's Wood Terrace, London NW8 6PL, UK",residential letting agency West London,5
google_maps,,,North West London Property,+44 20 7183 7879,,,agency,"241 Maida Vale, London W9 1QJ, UK",residential letting agency West London,3.7
google_maps,https://www.tlclondon.com/contact/office/kensington/?utm_source=localmaps&utm_medium=gbp&utm_campaign=kensington_estate_agents,,tlc | Estate Agents in Kensington,+44 20 7370 4000,hogarth@tlclondon.com,,agency,"8 Hogarth Place, Kensington, South Kensington, London SW5 0QT, UK",residential letting agency West London,4.7
google_maps,https://www.dexters.co.uk/contact-us/our-offices/dexters-fitzrovia-covent-gardens-agents,,Dexters Fitzrovia Estate Agent,+44 20 7067 2402,,,agency,"66 Goodge St, London W1T 4NG, UK",residential letting agency West London,4.9
google_maps,https://chancellors.co.uk/branches/notting-hill-estate-agents?utm_source=gmb&utm_medium=organic,,Chancellors - Notting Hill Estate Agents,+44 20 4505 8600,,,agency,"15 Notting Hill Gate, London W11 3JQ, UK",residential letting agency West London,4.8
google_maps,https://www.knightfrank.co.uk/offices/mayfair-estate-agents?utm_source=gmb&utm_medium=organic&utm_campaign=yext_office_listing&utm_content=mayfair_estate_agents_listing&y_source=1_MTEwNjU3MzktNzE1LWxvY2F0aW9uLndlYnNpdGU%3D,,Knight Frank Mayfair Estate Agents,+44 20 3925 1642,,,agency,"44 S Audley St, London W1K 2PX, UK",residential letting agency West London,4.9
google_maps,http://www.propertylablondon.com/,,Property Lab London,+44 7862 936494,info@propertylablondon.com,,agency,"Studio 66, at Great Western Studios, 65 Alfred Rd, London W2 5EU, UK",residential letting agency West London,4.9
google_maps,http://www.jeremyjacob.co.uk/,,Jeremy Jacob Letting Specialists,+44 20 3727 2628,,,agency,"96 Kensington High St, London W8 4SG, UK",residential letting agency West London,4.9
google_maps,https://www.marshandparsons.co.uk/contact-us/branches/askew-road-acton-estate-agents/,,Marsh & Parsons Askew Road and Acton Estate Agents,+44 20 8102 0123,,,agency,"120 Askew Rd, London W12 9BL, UK",residential letting agency West London,4.9
google_maps,https://www.foxtons.co.uk/contact/foxtons_west_end_estate_agents.html?utm_campaign=Foxtons+West+End+Estate+Agents&utm_medium=google_gmb&utm_source=Localistico_business_listing,,Foxtons West End Estate Agents,+44 20 3617 8900,westend@foxtons.co.uk,,agency,"137-144 High Holborn, London WC1V 6PL, UK",residential letting agency West London,4.2
google_maps,https://www.liferesidential.co.uk/branch/estate-agents/south-bank?utm_source=gmb&utm_medium=organic&utm_campaign=county-hall#/,,Life Residential South Bank,+44 20 7620 1600,customercare@liferesidential.co.uk,,agency,"252 Westminster Bridge Rd, London SE1 7PD, UK",residential letting agency West London,4.6
google_maps,https://www.jonathanarron.com/,,Jonathan Arron Residential,+44 20 7604 4611,,,agency,"18 Blenheim Terrace, London NW8 0EB, UK",residential letting agency West London,4.9
google_maps,https://www.dexters.co.uk/contact-us/our-offices/dexters-new-homes-central-london-estate-agents,,Dexters New Homes East and South East,+44 20 7590 7299,,,agency,"44 Great Eastern St, Bridge, London EC2A 3EP, UK",residential letting agency East London,5
google_maps,http://www.investpro.co.za/,,Investpro Property East London,+27 43 726 3116,,,agency,"10 Princes Rd, Vincent, KuGompo City, 5247, South Africa",residential letting agency East London,4.6
google_maps,,,Kingdom Property Agents Ltd,+44 20 8821 0287,,,agency,"91Katherine Road, London E6 1EW, UK",residential letting agency East London,5
google_maps,http://www.courtneys-estates.com/,,Courtneys Estate Agents East London,+44 20 7275 8000,,,agency,"544 Kingsland Rd, London E8 4AH, UK",residential letting agency East London,4.8
google_maps,https://www.chaseveritt.co.za/offices/#1,,Chas Everitt East London Estate Agency,+27 83 775 7785,enquiries@everitt.co.za,,agency,"14 Stewart Dr, Berea, KuGompo City, 5241, South Africa",residential letting agency East London,4.5
google_maps,https://easthomesestates.co.uk/,,East Homes Estates,+44 20 3475 1960,,,agency,"558 Commercial Rd, London E14 7JD, UK",residential letting agency East London,5
google_maps,http://www.jawitzeastlondon.co.za/,,Jawitz Properties East London,+27 43 735 4543,admin@jawitzeastlondon.co.za,,agency,"61 Beach Rd, Nahoon, KuGompo City, 5241, South Africa",residential letting agency East London,4.6
google_maps,https://coralbeachestate.co.za/,,Coral Beach Estate (Residential Only),+27 82 871 7161,donovan@project1.org.za,,agency,"Lanarth Avenue Winterstrand, KuGompo City, 5201, South Africa",residential letting agency East London,4.8
google_maps,http://www.winkworth.co.uk/estate-agents/shoreditch,,Winkworth Shoreditch Estate Agents,+44 20 7749 7650,shoreditch@winkworth.co.uk,,agency,"184 Brick Ln, London E1 6SA, UK",residential letting agency East London,4.8
google_maps,http://www.residentiallinks.co.uk/,,Residential Links Estate Agents (Aldgate),+44 20 7193 8040,info@residentiallinks.co.uk,,agency,"Duru House, 101 Commercial Rd, London E1 1RD, UK",residential letting agency East London,4.8
google_maps,http://www.lookproperty.com/,,Look Property Estate Agents Bow,+44 20 8981 9999,bow@lookproperty.co.uk,,agency,"349 Roman Rd, Bow, London E3 5QR, UK",residential letting agency East London,4.7
google_maps,http://www.pamgolding.co.za/real-estate/east-london/property-sales-rentals?utm_source=google&utm_medium=organic&utm_content=east-london&utm_campaign=places,,Pam Golding Properties East London,+27 43 705 4000,f0104ded0c2b1feb240a18810a984b05@o4505990688669696.ingest.us.sentry.io,,agency,"59 Beach Rd, Nahoon, KuGompo City, 5241, South Africa",residential letting agency East London,4.1
google_maps,http://www.winkworth.co.uk/estate-agents/hackney,,Winkworth Hackney Estate Agents,+44 20 8986 4216,hackney@winkworth.co.uk,,agency,"17 Lower Clapton Rd, Lower Clapton, London E5 0NS, UK",residential letting agency East London,4.9
google_maps,https://www.foxtons.co.uk/contact/foxtons_shoreditch_estate_agents.html?utm_campaign=Foxtons+Shoreditch+Estate+Agents&utm_medium=google_gmb&utm_source=Localistico_business_listing,,Foxtons Shoreditch Estate Agents,+44 20 7033 1414,shoreditch@foxtons.co.uk,,agency,"86, 90 Curtain Rd, London EC2A 3AA, UK",residential letting agency East London,4.5
google_maps,http://www.royalmint.properties/,,Royal Mint Properties,+44 20 8088 0262,admin@royalmint.properties,,agency,"88, 90 Commercial Rd, London E1 1NU, UK",residential letting agency East London,4.8
google_maps,https://www.benhams.com/estate-agents/wapping/?utm_source=gmb&utm_medium=seo&utm_campaign=Wapping,,Benham & Reeves - Wapping Estate Agents,+44 20 7680 8900,wapping@benhams.com,,agency,"1A, 148 Vaughan Way, London E1W 2AF, UK",residential letting agency East London,4.8
google_maps,https://www.harcourts.co.za/contact/harcourts-advantage/1329/,,Harcourts Advantage,+27 43 726 7981,advantage@harcourts.co.za,,agency,"15 Stewart Dr, Baysville, KuGompo City, 5201, South Africa",residential letting agency East London,4.7
google_maps,http://basspropertygroup.co.za/,,Bass Property Group,+27 71 602 6881,,,agency,"5 Edgewater Estate, 171 Old Transkei Rd, Nahoon Valley, KuGompo City, 5241, South Africa",residential letting agency East London,4.8
google_maps,http://www.freshprop.co.za/,,Fresh Lifestyle Properties,+27 43 726 3054,,,agency,"15 Surrey Rd, Vincent, KuGompo City, 5241, South Africa",residential letting agency East London,3.9
google_maps,http://www.innercityestates.com/,,Inner City Estates,+44 20 7729 3323,,,agency,"447 Roman Rd, Old Ford, London E3 5LX, UK",residential letting agency East London,4.7
google_maps,https://www.sothebysrealty.co.za/results/residential/for-sale/east-london/all/?advanced_search=1,,Lew Geffen Sotheby’s International Realty East London,+27 43 726 0111,,,agency,"72 Frere Rd, Vincent, KuGompo City, 5217, South Africa",residential letting agency East London,4.7
google_maps,https://www.harcourts.co.za/contact/harcourts-mercantile/1328,,Harcourts Mercantile,+27 43 722 3888,ann.coetzee@harcourts.co.za,,agency,"9 Currie St, Quigney, KuGompo City, 5201, South Africa",residential letting agency East London,4.5
google_maps,https://cfl.globalnoticeboard.com/,,City Fox Estate Agents Whitechapel London - Guaranteed rent for landlord’s.,+44 20 7791 5333,enquiries@city-fox.co.uk,,agency,"190 Mile End Rd, London E1 4LJ, UK",residential letting agency East London,4.6
google_maps,https://m.just.property/offices/odyssey/3660/,,Just Property Odyssey,+27 60 895 7689,odyssey@just.property,,agency,"21 Stewart Dr, Baysville, KuGompo City, 5241, South Africa",residential letting agency East London,4.6
google_maps,,,FALCON ESTATE AGENTS LTD,+44 7572 528106,,,agency,"4-6 Greatorex St, London E1 5NF, UK",residential letting agency East London,5
google_maps,http://www.legacy-properties.co.za/,,Legacy Properties,+27 78 591 4566,,,agency,"29 Bonza Bay Rd, Beaconhurst, KuGompo City, 5241, South Africa",residential letting agency East London,4.2
google_maps,http://www.sohco.co.za/,,Sohco Amalinda Village - East London.,+27 43 741 3735,,,agency,"44, 08 Honolulu Cres, Amalinda, KuGompo City, 5247, South Africa",residential letting agency East London,3.8
google_maps,http://www.thameslettings.co.uk/,,Thames Lettings,+44 20 7247 7659,,,agency,"122 Middlesex St, London E1 7HY, UK",residential letting agency East London,4.7
google_maps,http://www.eastendproperties.co.uk/,,East End Properties,+44 20 8980 3331,info@eastendproperties.co.uk,,agency,"71 Roman Rd, Globe Town, London E2 0QN, UK",residential letting agency East London,3.4
google_maps,http://www.rentahome-uk.com/,,Rent-A-Home,+44 20 7923 2372,lettings@rentahome-uk.com,,agency,"54 Stoke Newington High St, London N16 7PB, UK",residential letting agency East London,4
google_maps,https://www.harcourts.co.za/contact/harcourts-cornerstone/1326/,,Harcourts Cornerstone,+27 43 743 1410,lance.gouws@harcourts.co.za,,agency,"32 Bonza Bay Rd, Beacon Bay North, KuGompo City, 5205, South Africa",residential letting agency East London,4.7
google_maps,https://www.ableestates.com/default.aspx?utm_source=localmaps&utm_medium=gmb&utm_campaign=SoutheastLondon,,"Able Estates - Property Management, Letting & Estate Agents in Abbey Wood & Thamesmead",+44 20 8306 2020,webmaster@brightlogic.co.uk,,agency,"511 Abbey Rd, Abbey Wood, London SE2 9HA, UK",residential letting agency East London,4.8
google_maps,https://www.elmsestates.co.uk/?utm_source=localmaps&utm_medium=gmb&utm_campaign=bethnalgreen,,Elms Estates Bethnal Green Estate & Letting Agents,+44 20 7729 5665,info@elmsestates.co.uk,,agency,"454 Bethnal Grn Rd, London E2 0EA, UK",residential letting agency East London,4.6
google_maps,https://www.netlettings.com/contact-us/?utm_source=localmaps&utm_medium=gbp&utm_campaign=whitechapel,,Net Lettings | Letting agents in WhiteChapel,+44 20 8981 5551,info@netlettings.com,,agency,"311 Commercial Rd, London E1 2PS, UK",residential letting agency East London,3.8
google_maps,,,Jikeleza Property Services,+27 43 737 4421,,,agency,"Unit 4, Village Centre, Crossways, Schafli Road, KuGompo City, 5259, South Africa",residential letting agency East London,4.3
google_maps,https://www.alexneil.com/,,Alex Neil Estate Agents,+44 20 7537 9859,sales@alexneil.com,,agency,"2 Westferry Rd, London E14 8JT, UK",residential letting agency East London,4.5
google_maps,http://www.idproperties.co.za/,,ID Properties,+27 43 721 1280,,,agency,"14 0Athlone Crescent, Selborne, KuGompo City, 5213, South Africa",residential letting agency East London,4.8
google_maps,http://www.century21.co.za/,,Century 21 East London,+27 43 726 1696,,,agency,"84 Vincent Rd, Vincent, KuGompo City, 5247, South Africa",residential letting agency East London,3.8
google_maps,http://www.lloydsestates.com/,,Lloyds Estate Agents,+44 20 7033 9888,info@lloydsestates.com,,agency,"435 Bethnal Grn Rd, London E2 0AN, UK",residential letting agency East London,4.4
google_maps,http://www.remaxborder.co.za/,,RE/MAX Border - Beacon Bay,+27 43 748 5847,,,agency,"Unit A, First Floor, 14 Quenera Dr, Beacon Bay North, KuGompo City, 5200, South Africa",residential letting agency East London,3.4
google_maps,https://www.foxtons.co.uk/contact/foxtons_stratford_estate_agents.html?utm_campaign=Foxtons+Stratford+Estate+Agents&utm_medium=google_gmb&utm_source=Localistico_business_listing,,Foxtons Stratford Estate Agents,+44 20 8150 8585,stratford@foxtons.co.uk,,agency,"9 The Grove, London E15 1EL, UK",residential letting agency East London,4.5
google_maps,https://southlondonestates.co.uk/,,South London Estate,+44 20 8695 1666,lettings@southlondonestate.co.uk,,agency,"113, 115 Brownhill Rd, London SE6 2HF, UK",residential letting agency East London,4.3
google_maps,https://www.foxtons.co.uk/contact/foxtons_wapping_estate_agents.html?utm_campaign=Foxtons+Wapping+Estate+Agents&utm_medium=google_gmb&utm_source=Localistico_business_listing,,Foxtons Wapping Estate Agents,+44 20 3728 2222,wapping@foxtons.co.uk,,agency,"75 Wapping High St, London E1W 2YN, UK",residential letting agency East London,4.7
google_maps,https://www.ewemove.com/estate-agents-and-letting-agents/branch/wappingbow,,EweMove Estate & Lettings Agents in Wapping & Bow,+44 7963 510017,wapping@ewemove.com,,agency,"5 Cobblestone Sq, London E1W 3BA, UK",residential letting agency East London,5
google_maps,http://www.dalena.co.za/,,Dalena Properties,+27 43 740 4786,,,agency,"26 Main Rd, Gonubie, KuGompo City, 5257, South Africa",residential letting agency East London,3.1
google_maps,http://www.engelvoelkers.com/,,Engel & Völkers East London,+27 43 735 2222,contact@engelvoelkers.com,,agency,"8 Beach Rd, Nahoon, KuGompo City, 5201, South Africa",residential letting agency East London,4.4
google_maps,http://www.winkworth.co.uk/estate-agents/bow,,Winkworth Bow Estate Agents,+44 20 8981 6776,bow@winkworth.co.uk,,agency,"429 Roman Rd, Bow, London E3 5LX, UK",residential letting agency East London,3.1
google_maps,https://lintgroup.com/estate-agents/gants-hill/?utm_source=GoogleMyBusiness&utm_medium=GantsHill,,Letting International Estate & Letting Agents Gants Hill,+44 20 4572 7140,ilford@lintgroup.com,,agency,"332-336 Perth Rd, London IG2 6FF, UK",residential letting agency East London,4.9
google_maps,http://realityproperties.co.uk/,,Reality Properties | Guaranteed Rents | Multi-Award Winning | London Essex Kent,+44 20 3355 0908,info@realityproperties.co.uk,,agency,"9 The Broadway, Woodford, Woodford Green IG8 0HL, UK",residential letting agency East London,5
google_maps,https://www.epsproperty.co.za/,,EPS Property Specialists,+27 43 740 1082,,,agency,"65 14th Ave, Gonubie, KuGompo City, 5257, South Africa",residential letting agency East London,3.7
google_maps,https://liferesidential.co.uk/contact-us/north-london-estate-agents/?utm_source=gmb&utm_medium=organic&utm_campaign=north-london,,Life Residential North & City,+44 20 3838 8666,customercare@liferesidential.co.uk,,agency,"71b Drayton Park, London N5 1BF, UK",residential letting agency North London,4.7
google_maps,http://www.vision-residential.com/,,Vision Residential,+44 20 3633 5232,,,agency,"154 Colney Hatch Ln, London N10 1ER, UK",residential letting agency North London,4.9
google_maps,https://www.castles.london/locations/crouch-end,,Castles Estate Agents Crouch End,+44 20 8348 5515,crouchend@castles.london,,agency,"12 Topsfield Rd, London N8 8PR, UK",residential letting agency North London,5
google_maps,https://www.foxtons.co.uk/contact/foxtons_north_finchley_estate_agents.html?utm_campaign=Foxtons+North+Finchley+Estate+Agents&utm_medium=google_gmb&utm_source=Localistico_business_listing,,Foxtons North Finchley Estate Agents,+44 20 8432 1700,northfinchley@foxtons.co.uk,,agency,"811 High Rd, London N12 8JT, UK",residential letting agency North London,4.6
google_maps,https://metrocapitallettings.co.uk/?utm_source=localmaps&utm_medium=gbp&utm_campaign=north_london,,MetroCapital Lettings Ltd Agent North London,+44 20 8058 4780,enquires@metrocapitalettings.co.uk,,agency,"ImageStor House, Bridge Rd, London N22 7SN, UK",residential letting agency North London,
google_maps,https://www.dexters.co.uk/contact-us/our-offices/dexters-new-homes-south-london-estate-agents,,Dexters New Homes South London Estate Agents,+44 20 8674 4555,,,agency,"12 The Broadway, London SW19 1RF, UK",residential letting agency South London,4.9
google_maps,https://www.hirschestates.co.uk/,,Hirsch Estates - Property management - London,+44 20 3002 0587,hello@hirschestates.co.uk,,agency,"Weatherill House Business Centre, New South Quarter, New South Quarter, 23 Whitestone Way, Croydon CR0 4WD, UK",residential letting agency South London,4.9
google_maps,http://www.squarespaceproperty.com/,,Square Space Property Tooting Estate Agent,+44 20 4509 1485,,,agency,"Tooting Works, 89 Bickersteth Rd, London SW17 9SH, UK",residential letting agency South London,5
google_maps,http://www.urbanvillagehomes.com/,,Urban Village Homes,+44 20 3519 9121,info@urbanvillagehomes.com,,agency,"121 Denmark Hill, London SE5 8EN, UK",residential letting agency South London,4.8
google_maps,https://www.hunters.com/office/camberwell/,,Hunters Camberwell Lettings & Estate Agents,+44 20 7708 2002,camberwell@hunters.com,,agency,"29 Denmark Hill, London SE5 8RS, UK",residential letting agency South London,4.9
google_maps,https://jonathanwoods.exp.uk.com/,,Jonathan Woods eXp Estate Agent,+44 7498 214463,jonathan.woods@exp.uk.com,,agency,"722 Garratt Ln, London SW17 0NN, UK",residential letting agency South London,5
google_maps,https://www.dexters.co.uk/contact-us/our-offices/dexters-clapham-south-balham-estate-agents,,Dexters Clapham South & Balham Estate Agents,+44 20 8675 6750,,,agency,"9 Cavendish Parade, London SW4 9DP, UK",residential letting agency South London,4.8
google_maps,https://nextstepestates.co.uk/,,Next Step Estates,+44 20 8767 6181,admin@nextstepestates.com,,agency,"272 Mitcham Rd, London SW17 9NT, UK",residential letting agency South London,4.8
google_maps,https://www.haart.co.uk/branch-finder/streatham-estate-agents/?utm_source=organic_gmb&utm_medium=organic&referrer=organic_gmb&y_source=1_MzQ0NjYxNzctNzE1LWxvY2F0aW9uLndlYnNpdGU%3D,,haart Estate and Lettings Agents Streatham,+44 20 4512 8374,streatham@haart.co.uk,,agency,"24 Streatham High Rd, London SW16 1DB, UK",residential letting agency South London,4.8
google_maps,https://www.avrasons.co.uk/contact-us/?utm_source=localmaps&utm_medium=gbp&utm_campaign=oval,,Avrasons Letting Agents and Property management in Oval,+44 20 7582 4011,sales@avrasons.co.uk,,agency,"18 Brixton Rd, London SW9 6BU, UK",residential letting agency South London,4.7
google_maps,https://www.marshandparsons.co.uk/contact-us/branches/south-kensington-estate-agents/,,Marsh & Parsons South Kensington Estate Agents,+44 20 7590 0800,,,agency,"Petersham House, 29 Harrington Rd, South Kensington, London SW7 3HD, UK",residential letting agency South London,4.9
google_maps,https://oaksestateagents.com/streatham-properties/,,Oaks Estate Agents,+44 20 3780 0000,streatham@oaksestateagents.com,,agency,"270 Streatham High Rd, London SW16 6HE, UK",residential letting agency South London,4.6
google_maps,https://www.marshandparsons.co.uk/contact-us/branches/balham-clapham-south-estate-agents/,,Marsh & Parsons Balham & Clapham South Estate Agents,+44 20 8772 9200,,,agency,"45 Balham Hill, London SW12 9DR, UK",residential letting agency South London,4.8
google_maps,https://www.keatingestates.com/,,Keating Estates (Clapham),+44 20 7720 2113,info@keatingestates.com,,agency,"23 Clapham Common South Side, London SW4 7AB, UK",residential letting agency South London,4.7
google_maps,https://www.keatingestates.com/,,Keating Estates (Herne Hill),+44 20 8674 8884,info@keatingestates.com,,agency,"17 Norwood Rd, London SE24 9AA, UK",residential letting agency South London,4.8
google_maps,https://www.keatingestates.com/,,Keating Estates (Now trading from 360 Coldharbour Lane),+44 20 7095 5777,info@keatingestates.com,,agency,"427 Coldharbour Ln, London SW9 8LH, UK",residential letting agency South London,4.6
google_maps,https://www.dexters.co.uk/contact-us/our-offices/streatham,,Dexters Streatham Estate Agents,+44 20 8674 7400,,,agency,"105 Streatham Hill, London SW2 4UG, UK",residential letting agency South London,4.9
google_maps,https://www.ramptonbaseley.com/estate-agents/balham,,Rampton Baseley Balham Estate Agents,+44 20 8767 7079,,,agency,"255 Balham High Rd, Tooting Bec, London SW17 7BE, UK",residential letting agency South London,5
google_maps,http://www.bhoday.co.uk/,,Bhoday Estate Agents,+44 20 3780 1111,sprite-facebook@2x.png,,agency,"Crescent Way, London SW16 3AL, UK",residential letting agency South London,5
google_maps,http://www.winkworth.co.uk/estate-agents/clapham,,Winkworth Clapham Estate Agents,+44 20 7871 4822,,,agency,"10a The Polygon, London SW4 0JG, UK",residential letting agency South London,5
google_maps,https://www.keatingestates.com/,,Keating Estates (Brixton),+44 20 8299 8111,info@keatingestates.com,,agency,"Unit 1, The Viaduct, 360 Coldharbour Ln, London SW9 8PL, UK",residential letting agency South London,4.8
google_maps,https://www.aspire.co.uk/contact-us/balham.html?utm_source=localmaps&utm_medium=gbp&utm_campaign=balham&y_source=1_MjAyODE1NjExOS03MTUtbG9jYXRpb24ud2Vic2l0ZQ%3D%3D,,Aspire Balham Estate & Letting Agents,+44 20 8673 6111,,,agency,"132 Balham High Rd, London SW12 9AA, UK",residential letting agency South London,4.7
google_maps,https://www.sharpesestates.com/?utm_source=localmaps&utm_medium=gbp&utm_campaign=colliers_wood,,Sharpes Estates - Letting & Estate Agents Colliers Wood,+44 20 8286 4073,info@sharpesestates.com,,agency,"8 Merton High St, London SW19 1DN, UK",residential letting agency South London,4.6
google_maps,http://www.winkworth.co.uk/estate-agents/streatham,,Winkworth Streatham Estate Agents,+44 20 8769 6699,streatham@winkworth.co.uk,,agency,"46-50 Streatham Hill, London SW2 4RD, UK",residential letting agency South London,4.9
google_maps,https://www.exposeproperty.co.uk/,,Expose Property Estate Agents,+44 20 4548 9568,,,agency,"90 Elmers End Rd, Beckenham BR3 4TA, UK",residential letting agency South London,4.8
google_maps,https://www.foxtons.co.uk/contact/foxtons_crystal_palace_estate_agents.html?utm_campaign=Foxtons+Crystal+Palace+Estate+Agents&utm_medium=google_gmb&utm_source=Localistico_business_listing,,Foxtons Crystal Palace Estate Agents,+44 20 8772 8080,crystalpalace@foxtons.co.uk,,agency,"26 Westow Hill, London SE19 1RX, UK",residential letting agency South London,4.7
google_maps,https://www.foxtons.co.uk/contact/foxtons_tooting_estate_agents.html?utm_campaign=Foxtons+Tooting+Estate+Agents&utm_medium=google_gmb&utm_source=Localistico_business_listing,,Foxtons Tooting Estate Agents,+44 20 3728 2150,tooting@foxtons.co.uk,,agency,"62 Tooting High St, London SW17 0RN, UK",residential letting agency South London,4.7
google_maps,http://www.imoveproperty.co.uk/,,iMove Property Estate Agents,+44 20 8166 5510,,,agency,"9-11 Church Rd, London SE19 2TF, UK",residential letting agency South London,4.6
google_maps,https://www.jacksonsestateagents.com/branches/streatham,,Jacksons Streatham Estate Agents,+44 20 8487 3179,,,agency,"1 - 3, De Montfort Parade, Streatham High Rd, London SW16 1BU, UK",residential letting agency South London,4.8
google_maps,http://www.cribsestates.co.uk/,,Cribs Estates Ltd,+44 20 3441 1571,info@cribsestates.co.uk,,agency,"236 Merton High St, London SW19 1AU, UK",residential letting agency South London,4.5
google_maps,http://www.heavenestateagents.co.uk/,,"Heaven Estate Agent Rent & Property Management, Guaranteed Rent",+44 20 3500 1383,info@heavenestateagents.co.uk,,agency,"1356a London Rd, Norbury, London SW16 4DE, UK",residential letting agency South London,4.1
google_maps,https://www.jacksonsestateagents.com/branches/balham,,Jacksons Balham Estate Agents,+44 20 8675 6555,,,agency,"8, 11 Balham Station Rd, London SW12 9SG, UK",residential letting agency South London,5
google_maps,https://www.haart.co.uk/branch-finder/wimbledon-letting-agents/?utm_source=organic_gmb&utm_medium=organic&referrer=organic_gmb&y_source=1_MzQ0NjYyMjAtNzE1LWxvY2F0aW9uLndlYnNpdGU%3D,,haart Lettings Agents Wimbledon,+44 20 8947 7208,wimbledon.lettings@haart.co.uk,,agency,"28 Wimbledon Hill Rd, London SW19 7PA, UK",residential letting agency South London,4.7
google_maps,https://ramptonbaseley.com/estate-agents/battersea/,,Rampton Baseley Battersea Estate Agents,+44 20 7228 5111,,,agency,"131 Northcote Rd, London SW11 6PS, UK",residential letting agency South London,4.9
google_maps,https://portersbalham.com/,,Porters Independent Estate Agents,+44 20 8772 1004,,,agency,"240 Balham High Rd, London SW17 7AW, UK",residential letting agency South London,4.9
google_maps,https://www.foxtons.co.uk/contact/foxtons_wimbledon_estate_agents.html?utm_campaign=Foxtons+Wimbledon+Estate+Agents&utm_medium=google_gmb&utm_source=Localistico_business_listing,,Foxtons Wimbledon Estate Agents,+44 20 8605 2900,wimbledon@foxtons.co.uk,,agency,"55 Wimbledon Hill Rd, London SW19 7QW, UK",residential letting agency South London,4.3
google_maps,https://www.kfh.co.uk/branches/streatham/?utm_source=google&utm_medium=local&utm_campaign=gmb&utm_term=streatham,,Kinleigh Folkard & Hayward Streatham Estate & Lettings Agents,+44 20 8769 8744,streatham.sales@kfh.co.uk,,agency,"1 Leigham Ct Rd, London SW16 2ND, UK",residential letting agency South London,4.9
google_maps,https://www.samuelestates.com/colliers-wood-estate-agent/,,Samuel Estates Colliers Wood,+44 20 8090 9000,to-let@2x.png,,agency,"30 Watermill Wy, London SW19 2RT, UK",residential letting agency South London,4.6
google_maps,,,Kings Property Consultancy Ltd,+44 7985 708511,,,agency,"1 Empire Mews, London SW16 2BF, UK",residential letting agency South London,5
google_maps,https://www.foxtons.co.uk/contact/foxtons_balham_estate_agents.html?utm_campaign=Foxtons+Balham+Estate+Agents&utm_medium=google_gmb&utm_source=Localistico_business_listing,,Foxtons Balham Estate Agents,+44 20 8772 8000,balham@foxtons.co.uk,,agency,"73-79 Balham High Rd, London SW12 9AP, UK",residential letting agency South London,4.6
google_maps,http://www.sandersonslondon.co.uk/,,Sandersons London - Prime Central London Estate Agents,+44 20 7602 6725,,,agency,"108 Holland Park Ave, London W11 4UA, UK",residential letting agency South London,4.9
google_maps,http://www.ellisons.uk.com/,,Ellisons Estate Agents Colliers Wood,+44 20 8544 0518,,,agency,"127 High Street Colliers Wood, London SW19 2HR, UK",residential letting agency South London,4.9
google_maps,http://mblestates.co.uk/,,MBL Estates Ltd,+44 20 8540 7070,,,agency,"97 The Broadway, London SW19 1QG, UK",residential letting agency South London,4.8
google_maps,http://www.winkworth.co.uk/estate-agents/kennington,,Winkworth Kennington Estate Agents,+44 20 7587 0600,kennington@winkworth.co.uk,,agency,"299 Kennington Rd, London SE11 4QE, UK",residential letting agency South London,4.8
google_maps,https://www.jacksonsestateagents.com/branches/tooting,,Jacksons Tooting Estate Agents,+44 20 8487 3175,,,agency,"3 Upper Tooting Rd, Tooting Bec, London SW17 7TS, UK",residential letting agency South London,4.9
google_maps,http://www.tennisonproperty.com/,,Tennison Property,+44 20 8543 0074,,,agency,"312 Kingston Rd, Wimbledon Chase, London SW20 8LX, UK",residential letting agency South London,4.8
google_maps,https://www.kfh.co.uk/?utm_source=google&utm_medium=local&utm_campaign=gmb&utm_term=head_office,,Kinleigh Folkard & Hayward (KFH) Estate Agents and Property Services,+44 20 8739 2000,,,agency,"Nelson House, 58 Wimbledon Hill Rd, London SW19 7PA, UK",residential letting agency South London,4
google_maps,https://www.streetsahead.info/branch/estate-lettings-agent-crystal-palace/,,Streets Ahead Estate Agents - Crystal Palace Branch,+44 20 8653 9222,info@streetsahead.info,,agency,"4-8 Westow St, London SE19 3AH, UK",residential letting agency South London,4.7
google_maps,https://www.dexters.co.uk/contact-us/our-offices/bloomsbury,,Dexters Bloomsbury Estate Agents,+44 20 7833 4466,,,agency,"55 Coram St, London WC1N 1HB, UK",estate agent rental London,4.9
google_maps,https://www.chestertons.co.uk/estate-agents/westminster-and-pimlico?utm_source=Google&utm_medium=Local,,Chestertons Westminster and Pimlico Estate Agents,+44 20 3040 8220,,,agency,"105 Wilton Rd, Pimlico, London SW1V 1DZ, UK",estate agent rental London,4.9
google_maps,https://www.knightfrank.co.uk/offices/marylebone-estate-agents?utm_source=gmb&utm_medium=organic&utm_campaign=yext_office_listing&utm_content=marylebone_estate_agents_listing&y_source=1_MTEwNjU4MTQtNzE1LWxvY2F0aW9uLndlYnNpdGU%3D,,Knight Frank Marylebone Estate Agents,+44 20 3435 6440,,,agency,"Unit 49, 55 Baker St, London W1U 8EW, UK",estate agent rental London,4.6
google_maps,https://www.dexters.co.uk/contact-us/our-offices/mayfair,,Dexters Mayfair Estate Agents,+44 20 7590 9595,,,agency,"66 Grosvenor St, London W1K 3JL, UK",estate agent rental London,4.8
google_maps,http://www.century21uk.com/london-central,,Century 21 London Central,+44 20 7630 1099,info@century21uk.com,,agency,"83-85 Rochester Row, London SW1P 1LJ, UK",estate agent rental London,4.6
google_maps,https://scale-re.com/,,Scale Real Estate,+44 20 3576 1422,james@scale-re.com,,agency,"26a Ganton St, Carnaby, London W1F 7QZ, UK",estate agent rental London,5
google_maps,https://www.savills.co.uk/estate-agents/savills-Westminster.aspx?utm_source=Google&utm_medium=Local&utm_term=Westminster,,Savills Westminster and Pimlico Estate Agents,+44 20 3430 6860,,,agency,"Suite 1, 57 Buckingham Gate, London SW1E 6AJ, UK",estate agent rental London,4.9
google_maps,http://www.golden-properties.co.uk/,,Golden To Lets Properties Ltd,+44 20 8617 0134,golden2lets@gmail.com,,agency,"36 Court Parade, North Wembley, Wembley HA0 3HS, UK",estate agent rental London,4.9
google_maps,http://www.winkworth.co.uk/estate-agents/clerkenwell,,Winkworth Clerkenwell & City Estate Agents,+44 20 7405 1288,clerkenwell@winkworth.co.uk,,agency,"66 Exmouth Market, London EC1R 4QP, UK",estate agent rental London,4.9
google_maps,https://www.mypropertyman.com/,,My Property Man: Brooklyn Property Management,+1 929-560-6655,info@mypropertyman.com,,agency,"1036 Lafayette Ave, Brooklyn, NY 11221, USA",property management company New York,4.8
google_maps,https://propertymanagementnyc.co/contact/?utm_source=GMB&utm_medium=Organic&utm_campaign=contact,,Belgium Management LLC - A Property Management Company,+1 646-992-8471,,,agency,"20 W 47th St #601, New York, NY 10036, USA",property management company New York,4.9
google_maps,http://vnypm.com/,,VNYPM- VENTURE PROPERTY MANAGEMENT LLC,+1 718-626-8833,info@vnypm.com,,agency,"43-10 11th St, Long Island City, NY 11101, USA",property management company New York,4.5
google_maps,http://www.skymanagement.com/,,Sky Management,+1 212-759-1300,,,agency,"226 E 54th St, New York, NY 10022, USA",property management company New York,4.3
google_maps,http://www.newgents.com/,,Newgent Property Management,+1 347-707-1010,office@newgents.com,,agency,"20 S Broadway Mezzanine, Yonkers, NY 10701, USA",property management company New York,4.9
google_maps,http://www.halsteadmanagement.com/,,"Halstead Management Company, LLC",+1 212-508-7272,contact@halstead.com,,agency,"770 Lexington Ave, New York, NY 10065, USA",property management company New York,4
google_maps,http://www.urbanapartmentsnyc.com/,,"Urban Real Estate Property Group, Inc.",+1 212-688-3030,,,agency,"170 W 73rd St #2A1, New York, NY 10023, USA",property management company New York,4.7
google_maps,http://www.batrare.com/,,Batra Real Estate,+1 646-202-1877,,,agency,"79 Madison Ave, New York, NY 10016, USA",property management company New York,4.9
google_maps,http://citadelnyc.com/,,Citadel Property Management Corp.,+1 646-654-0722,info@citadelnyc.com,,agency,"513 E 13th St, New York, NY 10009, USA",property management company New York,3.6
google_maps,http://www.mmgnyc.com/,,Manhattan Management Group,+1 212-967-7013,info@mmgnyc.com,,agency,"135 W 50th St #2FL, New York, NY 10020, USA",property management company New York,4.8
google_maps,https://www.twotreesny.com/?utm_source=google&utm_id=Google+Business,,Two Trees Management,+1 718-907-5800,,,agency,"45 Main St, Brooklyn, NY 11201, USA",property management company New York,4.3
google_maps,http://www.alphanyc.com/,,Alpha Properties NYC,+1 212-674-1645,,,agency,"80 8th Ave Suite 1216, New York, NY 10011, USA",property management company New York,4.8
google_maps,http://www.platinumpropertiesnyc.com/,,Platinum Properties,+1 212-825-0050,,,agency,"100 Wall St 2nd Floor, New York, NY 10005, USA",property management company New York,4.4
google_maps,http://nyc-rem.com/,,New York Casas Real Estate Management,+1 917-967-0526,,,agency,"745 5th Ave #500, New York, NY 10151, USA",property management company New York,4.7
google_maps,http://www.nysmi.com/,,Superior Management Inc.,+1 212-243-7757,,,agency,"50 Bank St, New York, NY 10014, USA",property management company New York,4.3
google_maps,https://landlordmanagementny.com/,,Landlord Management New York,+1 718-536-2642,support@landlordmanagementllc.com,,agency,"895 Fulton St Suite 2, Brooklyn, NY 11238, USA",property management company New York,4.7
google_maps,http://www.brooklynpm.com/,,Brooklyn Property Managers,+1 718-972-0700,bpmteam@brooklynpm.com,,agency,"5215 7th Ave, Brooklyn, NY 11220, USA",property management company New York,4.8
google_maps,http://www.bemny.com/,,Building Equity Management LLC,+1 212-489-5060,,,agency,"1261 Broadway Suite 1002, New York, NY 10001, USA",property management company New York,4.3
google_maps,https://www.elikarealestate.com/,,ELIKA Real Estate,+1 212-590-0540,,,agency,"101 Avenue of the Americas 9th Floor, New York, NY 10013, USA",property management company New York,4.9
google_maps,http://kriegerny.com/,,Krieger Property Management,+1 484-460-2668,,,agency,"146 Sullivan St #23, New York, NY 10012, USA",property management company New York,4.6
google_maps,http://www.rcamanagementllc.com/,,RCA Management,+1 646-845-7360,admin@rcamanagementllc.com,,agency,"48 Wall St #1100, New York, NY 10005, USA",property management company New York,4.7
google_maps,http://www.wayfinderpm.com/,,WayFinderPM,+1 212-330-8000,support@propertymanagerwebsites.com,,agency,"20 W 20th St Suite 1102, New York, NY 10011, USA",property management company New York,4.2
google_maps,https://www.livingny.com/management/meet-the-team/,,"Livingston Management Services, LLC",+1 646-214-0333,jonathan@livingny.com,,agency,"225 W 35th St Suite 1400, New York, NY 10001, USA",property management company New York,1.7
google_maps,https://nexusrealtynyc.com/,,Nexus Realty Management,+1 718-606-9225,,,agency,"21-71 Steinway St, Astoria, NY 11105, USA",property management company New York,4.7
google_maps,http://www.habitat.nyc/,,HABITAT / management,+1 718-316-6300,info@habitat.nyc,,agency,"26-26 Jackson Ave, Long Island City, NY 11101, USA",property management company New York,4.4
google_maps,http://www.livingny.com/,,Living New York,+1 212-760-2690,livingasset-1@2x.png,,agency,"225 W 35th St 14th Floor, New York, NY 10001, USA",property management company New York,4.3
google_maps,http://www.braunmgmt.com/,,Braun Management Inc,+1 212-349-2154,,,agency,"160 Broadway # 1, New York, NY 10038, USA",property management company New York,4.7
google_maps,https://www.nyrentownsell.com/,,NY Rent Own Sell,+1 347-491-5356,info@nyrentownsell.com,,agency,"160 Broadway Suite 920, New York, NY 10038, USA",property management company New York,4.5
google_maps,http://www.nbmgmt.com/,,New Bedford Management Corporation,+1 212-674-6123,info@nbmgmt.com,,agency,"210 E 23rd St 5th Floor, New York, NY 10010, USA",property management company New York,2.5
google_maps,https://www.betterlivingproperties.com/,,Better Living Properties,+1 212-505-5800,ariel@betterlivingnyc.com,,agency,"17 Stanton St, New York, NY 10002, USA",property management company New York,3.9
google_maps,,,Nadlan Properties LLC,+1 212-543-4500,,,agency,"29 Wadsworth Ave, New York, NY 10033, USA",property management company New York,5
google_maps,https://www.directpropertiesny.com/,,Direct Properties New York LLC,+1 917-406-2880,info@directpropertiesny.com,,agency,"1270 Broadway #502, New York, NY 10001, USA",property management company New York,3.8
google_maps,http://matthewadam.com/,,Matthew Adam Properties Inc,+1 212-699-8900,,,agency,"375 Pearl St 14th floor, New York, NY 10038, USA",property management company New York,2.6
google_maps,http://www.jmrealty.org/,,J & M Realty,+1 212-721-0424,info@jmrealty.org,,agency,"341 St Nicholas Ave, New York, NY 10027, USA",property management company New York,4.3
google_maps,http://www.chathamgreen.com/,,Chatham Green Management Corporation,+1 212-233-8684,webmaster@chathamgreen.com,,agency,"215 Park Row #3, New York, NY 10038, USA",property management company New York,3.8
google_maps,http://www.nyls.net/,,New York Living Solutions @ Keller Williams NYC,+1 212-962-3940,,,agency,"90 John St, New York, NY 10038, USA",residential property manager New York,4.9
google_maps,https://www.residenewyork.com/,,Reside New York LLC,+1 718-387-4448,info@residenewyork.com,,agency,"349 Keap St, Brooklyn, NY 11211, USA",residential property manager New York,4.8
google_maps,http://www.apartmentsexpert.com/,,Apartments Expert,+1 347-482-1046,,,agency,"244 5th Ave Suite# J240, New York, NY 10001, USA",residential property manager New York,4.7
google_maps,http://www.argo.com/,,Argo Real Estate,+1 212-896-8600,info@argo.com,,agency,"50 W 17th St #7, New York, NY 10011, USA",residential property manager New York,3.7
google_maps,https://www.koriny.com/,,KORINY Real Estate,+1 646-322-5120,info@koriny.com,,agency,"150 Greenwich St, New York, NY 10007, USA",residential property manager New York,4.7
google_maps,https://www.undividedre.com/,,Undivided,+1 646-631-2220,hello@undividedre.com,,agency,"175 Greenwich St 38th Floor, New York, NY 10007, USA",residential property manager New York,5
google_maps,https://apt212.com/,,APT212,+1 212-380-1375,,,agency,"521 Broadway 2nd floor, New York, NY 10012, USA",residential property manager New York,4.9
google_maps,,,M & M Properties,+1 212-616-1508,,,agency,"45 E 34th St, New York, NY 10016, USA",residential property manager New York,2.8
google_maps,https://www.mid-citymanagement.com/,,Mid City Management,+1 201-490-7455,george@mid-citymanagement.com,,agency,"180 Varick St, New York, NY 10014, USA",residential property manager New York,5
google_maps,http://www.montskyrealestate.com/,,Mont Sky Real Estate,+1 646-397-8508,,,agency,"99 Wall St Suite 2006, New York, NY 10005, USA",residential property manager New York,4.6
google_maps,https://rentnyrealestate.com/,,Rent NY Real Estate | Apartments for Rent in Manhattan,+1 347-229-9332,,,agency,"79 Madison Ave, New York, NY 10016, USA",residential property manager New York,5
google_maps,http://metropolitanpropertygroup.com/,,"Metropolitan Property Group, 5th Avenue, New York, NY",+1 646-484-5111,,,agency,"255 W 36th St., New York, NY 10018, USA",residential property manager New York,1.8
google_maps,https://sherman2max.com/?utm_source=gbp&utm_medium=organic,,Max Sherman | Licensed Real Estate Advisor w/ Compass,+1 646-824-9301,,,agency,"372 W Broadway, New York, NY 10012, USA",residential property manager New York,4.9
google_maps,https://www.brookfieldproperties.com/en.html,,Brookfield Properties,+1 212-417-7000,michelle.snyder@bpretail.com,,agency,"250 Vesey St 15th Floor, New York, NY 10281, USA",residential property manager New York,1.8
google_maps,https://serhant.com/,,SERHANT. - NYC Real Estate Agency,+1 646-480-7665,,,agency,"372 W Broadway, New York, NY 10012, USA",residential property manager New York,4.3
google_maps,http://www.slcrealtyny.com/,,SLC REALTY NYC,+1 646-598-3718,,,agency,"90 Thompson St f6, New York, NY 10012, USA",residential property manager New York,5
google_maps,http://www.misrahirealty.com/,,Misrahi Realty Group,+1 212-475-6660,office@misrahirealty.com,,agency,"88 Rivington St, New York, NY 10002, USA",residential property manager New York,4
google_maps,https://www.cohabs.com/cities/new-york,,Cohabs,+1 646-750-5207,lease@cohabs.com,,agency,"41 E 11th St 11th floor, New York, NY 10003, USA",residential property manager New York,4.8
google_maps,https://www.metronest.com/?utm_source=google%20my%20business&utm_medium=account,,"MetroNest, LLC.",+1 212-533-1300,,,agency,"11 Waverly Pl, New York, NY 10003, USA",residential property manager New York,4.1
google_maps,http://www.carltonresidential.com/,,Carlton Residential,+1 212-658-0817,,,agency,"433 Broadway #430, New York, NY 10013, USA",residential property manager New York,
google_maps,https://manhattanskyline.com/buildings/soho/55-thompson?utm_source=google&utm_medium=GMB&utm_campaign=55t,,55 Thompson,+1 212-925-5550,,,agency,"55 Thompson St, New York, NY 10012, USA",residential property manager New York,4.6
google_maps,http://61broadwaynyc.com/,,61 Broadway,+1 212-204-8653,,,agency,"61 Broadway, New York, NY 10006, USA",residential property manager New York,4.2
google_maps,https://veracityequities.com/,,Veracity Real Estate Management,+1 212-966-6811,info@veracityequities.com,,agency,"137 Thompson St Front B, New York, NY 10012, USA",residential property manager New York,3.7
google_maps,https://www.lohorealty.com/,,"LoHo Realty, Inc.",+1 212-388-1115,info@lohorealty.com,,agency,"397 Grand St, New York, NY 10002, USA",residential property manager New York,4.9
google_maps,http://www.carinigroup.com/,,CARINI GROUP,+1 917-833-4388,,,agency,"55 Wall St, New York, NY 10005, USA",residential property manager New York,4.7
google_maps,https://metroloft.com/?utm_source=Google+Business+Page&utm_medium=page&utm_campaign=GBP&utm_id=Google+,,MetroLoft Developers,+1 212-706-3030,info@metroloft.com,,agency,"Trump Bldg, 40 Wall St 17th floor, New York, NY 10005, USA",residential property manager New York,1.6
google_maps,http://www.silversteinproperties.com/,,Silverstein Properties Inc,+1 212-490-0666,,,agency,"250 Greenwich St #7, New York, NY 10007, USA",residential property manager New York,3.3
google_maps,https://bouklisgroup.com/,,The Bouklis Group,+1 212-402-7855,,,agency,"65 Broadway, New York, NY 10006, USA",residential property manager New York,3.8
google_maps,http://www.manhattanskyline.com/,,Manhattan Skyline Management Company,+1 212-977-4813,,,agency,"103 W 55th St, New York, NY 10019, USA",apartment leasing company Manhattan,4.4
google_maps,https://parkavepropny.com/,,"Park Avenue Properties: Luxury Apartments, Furnished Apartments, Lease Assignments, Sublets in NYC",+1 877-249-1022,,,agency,"79 Madison Ave, New York, NY 10016, USA",apartment leasing company Manhattan,5
google_maps,,,Manhattan Rentals,+1 646-762-4996,,,agency,"99 Wall St Suite 5917, New York, NY 10005, USA",apartment leasing company Manhattan,4.4
google_maps,http://luxuryrentalsmanhattan.com/,,Luxury Rentals Manhattan,+1 212-457-8697,,,agency,"28 W 44th St, New York, NY 10036, USA",apartment leasing company Manhattan,5
google_maps,https://www.alliancemhk.com/,,Alliance Property Management,+1 785-539-2300,alliance@alliancemhk.com,,agency,"206 Southwind Pl Suite 1A, Manhattan, KS 66503, USA",apartment leasing company Manhattan,2.9
google_maps,http://www.mrgnyc.com/,,Manhattan Realty Group,+1 212-470-7070,,,agency,"211 E 43rd St #804, New York, NY 10017, USA",apartment leasing company Manhattan,4.9
google_maps,https://www.avaloncommunities.com/new-york/new-york-city-apartments/avalon-clinton?utm_source=gmb&utm_medium=organic&utm_campaign=gmblist,,Avalon Clinton,+1 646-520-4935,avalonclinton@avalonbay.com,,agency,"515 W 52nd St, New York, NY 10019, USA",apartment leasing company Manhattan,4.6
google_maps,https://www.marquisapts.com/?utm_source=google&utm_medium=organic&utm_campaign=gmb,,Marquis Apartments,+1 844-754-0624,,,agency,"150 E 34th St, New York, NY 10016, USA",apartment leasing company Manhattan,4.4
google_maps,https://www.helena57west.com/?utm_source=google&utm_medium=organic&utm_campaign=gmb,,Helena 57 West Apartments,+1 646-444-7731,57westleasing@durst.org,,agency,"601 W 57th St, New York, NY 10019, USA",apartment leasing company Manhattan,4.2
google_maps,https://theolivianyc.com/,,The Olivia,+1 212-967-8047,,,agency,"315 W 33rd St, New York, NY 10001, USA",apartment leasing company Manhattan,3.1
google_maps,https://www.newyorkcity-apts.com/,,New York City Apartments,+1 212-520-8399,info@newyorkcity-apts.com,,agency,"641 Lexington Ave 14th Floor, New York, NY 10022, USA",apartment leasing company Manhattan,3.7
google_maps,https://www.goldfarbproperties.com/rentals/manhattan/park-towers-south,,Park Towers South,+1 212-262-1675,,,agency,"315 W 57th St, New York, NY 10019, USA",apartment leasing company Manhattan,3.8
google_maps,http://www.rentmanhattan.com/,,Rent Manhattan,+1 212-996-2817,hello@rentmanhattan.com,,agency,"314 E 89th St, New York, NY 10128, USA",apartment leasing company Manhattan,
google_maps,http://www.glenwoodnyc.com/,,Glenwood - Uptown Office Luxury Apartments,+1 212-535-0500,,,agency,"1440 York Ave # P6, New York, NY 10075, USA",apartment leasing company Manhattan,
google_maps,http://www.leitermanagement.com/,,Leiter Property Management,+1 718-387-3700,,,agency,"750 Grand St #5s, Brooklyn, NY 11206, USA",property management Brooklyn New York,4
google_maps,https://www.brownstonepropertygroup.com/,,Brownstone Property Group,+1 718-499-6030,info@brownstonemgt.com,,agency,"334 E 35th St, Brooklyn, NY 11203, USA",property management Brooklyn New York,4.4
google_maps,https://www.pomrealty.com/,,Peace of Mind Realty,+1 347-221-0100,,,agency,"643 Decatur St, Brooklyn, NY 11233, USA",property management Brooklyn New York,4.8
google_maps,http://www.gamagroupnyc.com/,,GAMA. New York,+1 718-717-7727,info@gamagroupnyc.com,,agency,"9726 3rd Ave, Brooklyn, NY 11209, USA",property management Brooklyn New York,4.7
google_maps,http://www.prospectm.com/,,Prospect Management,+1 718-302-8383,info@prospectm.com,,agency,"101 Broadway 5th floor, Brooklyn, NY 11249, USA",property management Brooklyn New York,3.8
google_maps,https://brooklynrents.com/,,Brooklyn Rents,+1 929-629-9277,leasing@brooklynrents.com,,agency,"702 St Marks Ave, Brooklyn, NY 11216, USA",property management Brooklyn New York,4.5
google_maps,,,Supreme Property Management,+1 718-233-9072,,,agency,"1 Pierrepont Plaza, Brooklyn, NY 11201, USA",property management Brooklyn New York,
google_maps,https://ipg.nyc/,,Ideal Properties Group LLC,+1 718-840-2757,,,agency,"78 7th Ave, Brooklyn, NY 11217, USA",property management Brooklyn New York,4.1
google_maps,https://slaterealtynyc.com/,,Slate Realty LLC,+1 347-305-1937,info@slaterealtynyc.com,,agency,"654 Rogers Ave, Brooklyn, NY 11226, USA",property management Brooklyn New York,5
